timestamp_sec,author,message,sponsor_mentioned,is_hype_message,minute
5,DeezerEnjoyer,Allez les Bleus ! #M8WIN,None,1,0
6,M8_Fan,C'est quoi la musique d'attente ? sur Deezer ?,Deezer,0,0
10,SyntaxError,Gg les gars !,None,0,0
12,AldiGamer,TCL font des bêtes de télé en vrai,TCL,0,0
14,KCorp_Spy,Allez les Bleus ! #M8WIN,None,1,0
15,AldiGamer,Le stream bug non ?,None,0,0
18,M8_Fan,L'image est trop belle sur mon écran TCL,TCL,0,0
21,M8_Fan,L'image est trop belle sur mon écran TCL,TCL,0,0
21,KCorp_Spy,L'image est trop belle sur mon écran TCL,TCL,0,0
29,DeezerEnjoyer,L'image est trop belle sur mon écran TCL,TCL,0,0
33,PlayerOne,ALDI c'est le meilleur sponsor !,ALDI,0,0
33,EsportFan99,Le stream bug non ?,None,0,0
35,M8_Fan,Allez les Bleus ! #M8WIN,None,1,0
35,LoL_Lover,TCL font des bêtes de télé en vrai,TCL,0,0
38,AldiGamer,C'est quoi la musique d'attente ? sur Deezer ?,Deezer,0,0
38,SyntaxError,Allez les Bleus ! #M8WIN,None,1,0
41,DeezerEnjoyer,M8 à la vie à la mort,None,1,0
41,LoL_Lover,ALDI c'est le meilleur sponsor !,ALDI,0,0
43,LoL_Lover,TCL font des bêtes de télé en vrai,TCL,0,0
43,TCL_Screen,Mais non ?!? Quelle action !,None,0,0
45,DeezerEnjoyer,Le son sur Deezer est lourd,Deezer,0,0
48,M8_Fan,J'adore le maillot avec le logo ALDI,ALDI,0,0
53,LoL_Lover,Le son sur Deezer est lourd,Deezer,0,0
58,M8_Fan,L'image est trop belle sur mon écran TCL,TCL,0,0
59,M8_Fan,Incroyable cette action de Gentle Mates !,None,1,0
59,M8_Fan,Le stream bug non ?,None,0,0
61,LoL_Lover,Le stream bug non ?,None,0,1
63,DeezerEnjoyer,Gg les gars !,None,0,1
69,SyntaxError,C'est quoi la musique d'attente ? sur Deezer ?,Deezer,0,1
70,M8_Fan,#M8WIN #M8WIN #M8WIN,None,1,1
73,EsportFan99,TCL font des bêtes de télé en vrai,TCL,0,1
74,EsportFan99,C'est quoi la musique d'attente ? sur Deezer ?,Deezer,0,1
75,EsportFan99,Gg les gars !,None,0,1
76,AldiGamer,Incroyable cette action de Gentle Mates !,None,1,1
76,DeezerEnjoyer,Incroyable cette action de Gentle Mates !,None,1,1
76,TCL_Screen,ALDI c'est le meilleur sponsor !,ALDI,0,1
76,EsportFan99,M8 à la vie à la mort,None,1,1
78,LoL_Lover,Allez les Bleus ! #M8WIN,None,1,1
84,EsportFan99,J'adore le maillot avec le logo ALDI,ALDI,0,1
89,EsportFan99,Allez les Bleus ! #M8WIN,None,1,1
93,SyntaxError,M8 à la vie à la mort,None,1,1
95,KCorp_Spy,Allez les Bleus ! #M8WIN,None,1,1
95,KCorp_Spy,Gg les gars !,None,0,1
96,M8_Fan,C'est quoi la musique d'attente ? sur Deezer ?,Deezer,0,1
97,AldiGamer,M8 à la vie à la mort,None,1,1
101,DeezerEnjoyer,C'est quoi la musique d'attente ? sur Deezer ?,Deezer,0,1
102,PlayerOne,Mais non ?!? Quelle action !,None,0,1
102,EsportFan99,Allez les Bleus ! #M8WIN,None,1,1
108,DeezerEnjoyer,Le stream bug non ?,None,0,1
108,SyntaxError,TCL font des bêtes de télé en vrai,TCL,0,1
108,EsportFan99,Le stream bug non ?,None,0,1
112,M8_Fan,Le son sur Deezer est lourd,Deezer,0,1
112,DeezerEnjoyer,#M8WIN #M8WIN #M8WIN,None,1,1
114,DeezerEnjoyer,Allez les Bleus ! #M8WIN,None,1,1
115,AldiGamer,Le stream bug non ?,None,0,1
117,LoL_Lover,Le stream bug non ?,None,0,1
119,TCL_Screen,#M8WIN #M8WIN #M8WIN,None,1,1
120,LoL_Lover,Allez les Bleus ! #M8WIN,None,1,2
120,TCL_Screen,M8 à la vie à la mort,None,1,2
122,SyntaxError,#M8WIN #M8WIN #M8WIN,None,1,2
123,AldiGamer,Le son sur Deezer est lourd,Deezer,0,2
127,TCL_Screen,TCL font des bêtes de télé en vrai,TCL,0,2
128,DeezerEnjoyer,#M8WIN #M8WIN #M8WIN,None,1,2
131,TCL_Screen,ALDI c'est le meilleur sponsor !,ALDI,0,2
131,LoL_Lover,Incroyable cette action de Gentle Mates !,None,1,2
133,DeezerEnjoyer,M8 à la vie à la mort,None,1,2
134,SyntaxError,TCL font des bêtes de télé en vrai,TCL,0,2
136,SyntaxError,J'adore le maillot avec le logo ALDI,ALDI,0,2
143,KCorp_Spy,ALDI c'est le meilleur sponsor !,ALDI,0,2
147,M8_Fan,J'adore le maillot avec le logo ALDI,ALDI,0,2
148,SyntaxError,Le stream bug non ?,None,0,2
153,EsportFan99,Allez les Bleus ! #M8WIN,None,1,2
153,SyntaxError,Le stream bug non ?,None,0,2
158,TCL_Screen,#M8WIN #M8WIN #M8WIN,None,1,2
165,PlayerOne,Incroyable cette action de Gentle Mates !,None,1,2
166,EsportFan99,ALDI c'est le meilleur sponsor !,ALDI,0,2
169,KCorp_Spy,Incroyable cette action de Gentle Mates !,None,1,2
169,TCL_Screen,C'est quoi la musique d'attente ? sur Deezer ?,Deezer,0,2
170,KCorp_Spy,Le son sur Deezer est lourd,Deezer,0,2
171,PlayerOne,Incroyable cette action de Gentle Mates !,None,1,2
173,KCorp_Spy,#M8WIN #M8WIN #M8WIN,None,1,2
174,LoL_Lover,Allez les Bleus ! #M8WIN,None,1,2
174,DeezerEnjoyer,ALDI c'est le meilleur sponsor !,ALDI,0,2
175,PlayerOne,J'adore le maillot avec le logo ALDI,ALDI,0,2
176,EsportFan99,C'est quoi la musique d'attente ? sur Deezer ?,Deezer,0,2
176,M8_Fan,Gg les gars !,None,0,2
177,PlayerOne,ALDI c'est le meilleur sponsor !,ALDI,0,2
182,KCorp_Spy,M8 domine complètement le match,None,1,3
183,AldiGamer,Mais non ?!? Quelle action !,None,0,3
183,SyntaxError,Le stream bug non ?,None,0,3
186,KCorp_Spy,M8 à la vie à la mort,None,1,3
187,DeezerEnjoyer,#M8WIN #M8WIN #M8WIN,None,1,3
187,SyntaxError,ALDI c'est le meilleur sponsor !,ALDI,0,3
188,EsportFan99,Le son sur Deezer est lourd,Deezer,0,3
188,KCorp_Spy,Mais non ?!? Quelle action !,None,0,3
195,DeezerEnjoyer,ALDI c'est le meilleur sponsor !,ALDI,0,3
203,M8_Fan,M8 à la vie à la mort,None,1,3
206,M8_Fan,Le stream bug non ?,None,0,3
206,SyntaxError,M8 à la vie à la mort,None,1,3
206,M8_Fan,J'adore le maillot avec le logo ALDI,ALDI,0,3
207,EsportFan99,Allez les Bleus ! #M8WIN,None,1,3
210,KCorp_Spy,Le son sur Deezer est lourd,Deezer,0,3
211,LoL_Lover,M8 à la vie à la mort,None,1,3
211,PlayerOne,C'est quoi la musique d'attente ? sur Deezer ?,Deezer,0,3
213,TCL_Screen,Mais non ?!? Quelle action !,None,0,3
214,TCL_Screen,#M8WIN #M8WIN #M8WIN,None,1,3
217,M8_Fan,Le stream bug non ?,None,0,3
221,KCorp_Spy,M8 domine complètement le match,None,1,3
222,M8_Fan,C'est quoi la musique d'attente ? sur Deezer ?,Deezer,0,3
223,DeezerEnjoyer,TCL font des bêtes de télé en vrai,TCL,0,3
223,PlayerOne,Le stream bug non ?,None,0,3
225,M8_Fan,#M8WIN #M8WIN #M8WIN,None,1,3
234,LoL_Lover,M8 à la vie à la mort,None,1,3
235,KCorp_Spy,Gg les gars !,None,0,3
238,M8_Fan,L'image est trop belle sur mon écran TCL,TCL,0,3
241,M8_Fan,C'est quoi la musique d'attente ? sur Deezer ?,Deezer,0,4
241,M8_Fan,M8 à la vie à la mort,None,1,4
246,SyntaxError,J'adore le maillot avec le logo ALDI,ALDI,0,4
247,TCL_Screen,Le son sur Deezer est lourd,Deezer,0,4
248,PlayerOne,Gg les gars !,None,0,4
249,DeezerEnjoyer,L'image est trop belle sur mon écran TCL,TCL,0,4
250,PlayerOne,TCL font des bêtes de télé en vrai,TCL,0,4
255,DeezerEnjoyer,#M8WIN #M8WIN #M8WIN,None,1,4
258,TCL_Screen,Le son sur Deezer est lourd,Deezer,0,4
263,AldiGamer,#M8WIN #M8WIN #M8WIN,None,1,4
264,PlayerOne,ALDI c'est le meilleur sponsor !,ALDI,0,4
264,PlayerOne,ALDI c'est le meilleur sponsor !,ALDI,0,4
264,AldiGamer,L'image est trop belle sur mon écran TCL,TCL,0,4
264,LoL_Lover,#M8WIN #M8WIN #M8WIN,None,1,4
268,PlayerOne,J'adore le maillot avec le logo ALDI,ALDI,0,4
269,EsportFan99,Le son sur Deezer est lourd,Deezer,0,4
269,KCorp_Spy,Le son sur Deezer est lourd,Deezer,0,4
270,DeezerEnjoyer,Le stream bug non ?,None,0,4
271,LoL_Lover,Allez les Bleus ! #M8WIN,None,1,4
272,EsportFan99,Mais non ?!? Quelle action !,None,0,4
272,M8_Fan,J'adore le maillot avec le logo ALDI,ALDI,0,4
277,M8_Fan,Le son sur Deezer est lourd,Deezer,0,4
277,DeezerEnjoyer,M8 à la vie à la mort,None,1,4
280,TCL_Screen,TCL font des bêtes de télé en vrai,TCL,0,4
280,PlayerOne,M8 domine complètement le match,None,1,4
281,DeezerEnjoyer,Le son sur Deezer est lourd,Deezer,0,4
288,KCorp_Spy,Incroyable cette action de Gentle Mates !,None,1,4
291,AldiGamer,ALDI c'est le meilleur sponsor !,ALDI,0,4
296,PlayerOne,Mais non ?!? Quelle action !,None,0,4
297,EsportFan99,Le son sur Deezer est lourd,Deezer,0,4
298,TCL_Screen,TCL font des bêtes de télé en vrai,TCL,0,4
299,PlayerOne,M8 à la vie à la mort,None,1,4
303,PlayerOne,M8 à la vie à la mort,None,1,5
303,M8_Fan,M8 domine complètement le match,None,1,5
304,DeezerEnjoyer,#M8WIN #M8WIN #M8WIN,None,1,5
305,DeezerEnjoyer,#M8WIN #M8WIN #M8WIN,None,1,5
307,AldiGamer,L'image est trop belle sur mon écran TCL,TCL,0,5
310,SyntaxError,M8 à la vie à la mort,None,1,5
310,M8_Fan,TCL font des bêtes de télé en vrai,TCL,0,5
310,M8_Fan,Le son sur Deezer est lourd,Deezer,0,5
312,EsportFan99,Le stream bug non ?,None,0,5
315,LoL_Lover,Mais non ?!? Quelle action !,None,0,5
316,TCL_Screen,Le stream bug non ?,None,0,5
317,SyntaxError,Incroyable cette action de Gentle Mates !,None,1,5
319,AldiGamer,J'adore le maillot avec le logo ALDI,ALDI,0,5
323,PlayerOne,Mais non ?!? Quelle action !,None,0,5
327,KCorp_Spy,Incroyable cette action de Gentle Mates !,None,1,5
330,LoL_Lover,ALDI c'est le meilleur sponsor !,ALDI,0,5
332,SyntaxError,TCL font des bêtes de télé en vrai,TCL,0,5
333,M8_Fan,C'est quoi la musique d'attente ? sur Deezer ?,Deezer,0,5
333,AldiGamer,Mais non ?!? Quelle action !,None,0,5
337,M8_Fan,Le stream bug non ?,None,0,5
337,SyntaxError,#M8WIN #M8WIN #M8WIN,None,1,5
338,EsportFan99,TCL font des bêtes de télé en vrai,TCL,0,5
338,LoL_Lover,Le son sur Deezer est lourd,Deezer,0,5
338,KCorp_Spy,J'adore le maillot avec le logo ALDI,ALDI,0,5
339,TCL_Screen,Gg les gars !,None,0,5
340,DeezerEnjoyer,Gg les gars !,None,0,5
341,TCL_Screen,L'image est trop belle sur mon écran TCL,TCL,0,5
346,TCL_Screen,Le son sur Deezer est lourd,Deezer,0,5
347,TCL_Screen,C'est quoi la musique d'attente ? sur Deezer ?,Deezer,0,5
351,AldiGamer,ALDI c'est le meilleur sponsor !,ALDI,0,5
352,DeezerEnjoyer,Mais non ?!? Quelle action !,None,0,5
352,LoL_Lover,Le son sur Deezer est lourd,Deezer,0,5
352,DeezerEnjoyer,M8 domine complètement le match,None,1,5
353,M8_Fan,Le son sur Deezer est lourd,Deezer,0,5
355,TCL_Screen,#M8WIN #M8WIN #M8WIN,None,1,5
355,TCL_Screen,ALDI c'est le meilleur sponsor !,ALDI,0,5
356,AldiGamer,Incroyable cette action de Gentle Mates !,None,1,5
356,SyntaxError,TCL font des bêtes de télé en vrai,TCL,0,5
362,LoL_Lover,ALDI c'est le meilleur sponsor !,ALDI,0,6
366,EsportFan99,Gg les gars !,None,0,6
368,TCL_Screen,Incroyable cette action de Gentle Mates !,None,1,6
373,EsportFan99,Allez les Bleus ! #M8WIN,None,1,6
376,PlayerOne,C'est quoi la musique d'attente ? sur Deezer ?,Deezer,0,6
376,DeezerEnjoyer,Le stream bug non ?,None,0,6
382,LoL_Lover,TCL font des bêtes de télé en vrai,TCL,0,6
385,KCorp_Spy,C'est quoi la musique d'attente ? sur Deezer ?,Deezer,0,6
388,PlayerOne,M8 domine complètement le match,None,1,6
389,LoL_Lover,M8 à la vie à la mort,None,1,6
395,TCL_Screen,Incroyable cette action de Gentle Mates !,None,1,6
396,M8_Fan,Le stream bug non ?,None,0,6
404,SyntaxError,Allez les Bleus ! #M8WIN,None,1,6
405,M8_Fan,Mais non ?!? Quelle action !,None,0,6
406,M8_Fan,Gg les gars !,None,0,6
410,DeezerEnjoyer,L'image est trop belle sur mon écran TCL,TCL,0,6
413,PlayerOne,Le son sur Deezer est lourd,Deezer,0,6
419,AldiGamer,C'est quoi la musique d'attente ? sur Deezer ?,Deezer,0,6
419,SyntaxError,Allez les Bleus ! #M8WIN,None,1,6
421,KCorp_Spy,Le stream bug non ?,None,0,7
422,M8_Fan,ALDI c'est le meilleur sponsor !,ALDI,0,7
423,LoL_Lover,Incroyable cette action de Gentle Mates !,None,1,7
425,AldiGamer,TCL font des bêtes de télé en vrai,TCL,0,7
425,LoL_Lover,J'adore le maillot avec le logo ALDI,ALDI,0,7
426,LoL_Lover,Le stream bug non ?,None,0,7
429,EsportFan99,J'adore le maillot avec le logo ALDI,ALDI,0,7
431,LoL_Lover,M8 à la vie à la mort,None,1,7
435,EsportFan99,M8 domine complètement le match,None,1,7
436,EsportFan99,Incroyable cette action de Gentle Mates !,None,1,7
438,PlayerOne,M8 domine complètement le match,None,1,7
444,PlayerOne,M8 à la vie à la mort,None,1,7
457,SyntaxError,J'adore le maillot avec le logo ALDI,ALDI,0,7
457,PlayerOne,C'est quoi la musique d'attente ? sur Deezer ?,Deezer,0,7
458,LoL_Lover,Le son sur Deezer est lourd,Deezer,0,7
458,DeezerEnjoyer,TCL font des bêtes de télé en vrai,TCL,0,7
461,SyntaxError,Gg les gars !,None,0,7
462,PlayerOne,C'est quoi la musique d'attente ? sur Deezer ?,Deezer,0,7
466,PlayerOne,M8 à la vie à la mort,None,1,7
466,DeezerEnjoyer,J'adore le maillot avec le logo ALDI,ALDI,0,7
467,LoL_Lover,Le stream bug non ?,None,0,7
470,DeezerEnjoyer,Le stream bug non ?,None,0,7
478,DeezerEnjoyer,Gg les gars !,None,0,7
483,M8_Fan,M8 domine complètement le match,None,1,8
486,TCL_Screen,J'adore le maillot avec le logo ALDI,ALDI,0,8
487,KCorp_Spy,L'image est trop belle sur mon écran TCL,TCL,0,8
487,M8_Fan,Allez les Bleus ! #M8WIN,None,1,8
488,SyntaxError,L'image est trop belle sur mon écran TCL,TCL,0,8
496,M8_Fan,Le son sur Deezer est lourd,Deezer,0,8
499,AldiGamer,C'est quoi la musique d'attente ? sur Deezer ?,Deezer,0,8
499,LoL_Lover,C'est quoi la musique d'attente ? sur Deezer ?,Deezer,0,8
507,LoL_Lover,Allez les Bleus ! #M8WIN,None,1,8
510,EsportFan99,Le stream bug non ?,None,0,8
514,TCL_Screen,Incroyable cette action de Gentle Mates !,None,1,8
516,DeezerEnjoyer,M8 à la vie à la mort,None,1,8
516,PlayerOne,Le son sur Deezer est lourd,Deezer,0,8
526,KCorp_Spy,#M8WIN #M8WIN #M8WIN,None,1,8
528,DeezerEnjoyer,Allez les Bleus ! #M8WIN,None,1,8
530,PlayerOne,TCL font des bêtes de télé en vrai,TCL,0,8
530,M8_Fan,Incroyable cette action de Gentle Mates !,None,1,8
531,PlayerOne,Le son sur Deezer est lourd,Deezer,0,8
531,EsportFan99,M8 domine complètement le match,None,1,8
532,DeezerEnjoyer,C'est quoi la musique d'attente ? sur Deezer ?,Deezer,0,8
534,PlayerOne,TCL font des bêtes de télé en vrai,TCL,0,8
535,PlayerOne,Gg les gars !,None,0,8
535,TCL_Screen,J'adore le maillot avec le logo ALDI,ALDI,0,8
536,AldiGamer,Gg les gars !,None,0,8
539,EsportFan99,Allez les Bleus ! #M8WIN,None,1,8
542,AldiGamer,J'adore le maillot avec le logo ALDI,ALDI,0,9
544,TCL_Screen,Mais non ?!? Quelle action !,None,0,9
546,AldiGamer,Incroyable cette action de Gentle Mates !,None,1,9
547,SyntaxError,ALDI c'est le meilleur sponsor !,ALDI,0,9
548,DeezerEnjoyer,C'est quoi la musique d'attente ? sur Deezer ?,Deezer,0,9
548,LoL_Lover,Allez les Bleus ! #M8WIN,None,1,9
549,DeezerEnjoyer,M8 domine complètement le match,None,1,9
550,KCorp_Spy,Allez les Bleus ! #M8WIN,None,1,9
554,AldiGamer,#M8WIN #M8WIN #M8WIN,None,1,9
555,PlayerOne,L'image est trop belle sur mon écran TCL,TCL,0,9
556,KCorp_Spy,M8 à la vie à la mort,None,1,9
556,TCL_Screen,ALDI c'est le meilleur sponsor !,ALDI,0,9
557,PlayerOne,Gg les gars !,None,0,9
559,DeezerEnjoyer,Allez les Bleus ! #M8WIN,None,1,9
564,AldiGamer,Incroyable cette action de Gentle Mates !,None,1,9
566,EsportFan99,Incroyable cette action de Gentle Mates !,None,1,9
566,DeezerEnjoyer,Mais non ?!? Quelle action !,None,0,9
570,PlayerOne,L'image est trop belle sur mon écran TCL,TCL,0,9
575,EsportFan99,#M8WIN #M8WIN #M8WIN,None,1,9
575,SyntaxError,M8 domine complètement le match,None,1,9
575,LoL_Lover,J'adore le maillot avec le logo ALDI,ALDI,0,9
581,EsportFan99,Le son sur Deezer est lourd,Deezer,0,9
586,DeezerEnjoyer,L'image est trop belle sur mon écran TCL,TCL,0,9
587,PlayerOne,M8 domine complètement le match,None,1,9
588,DeezerEnjoyer,M8 à la vie à la mort,None,1,9
588,PlayerOne,M8 à la vie à la mort,None,1,9
595,M8_Fan,Le stream bug non ?,None,0,9
595,KCorp_Spy,M8 domine complètement le match,None,1,9
597,AldiGamer,C'est quoi la musique d'attente ? sur Deezer ?,Deezer,0,9
600,EsportFan99,L'image est trop belle sur mon écran TCL,TCL,0,10
601,PlayerOne,L'image est trop belle sur mon écran TCL,TCL,0,10
602,PlayerOne,Gg les gars !,None,0,10
605,TCL_Screen,Le son sur Deezer est lourd,Deezer,0,10
607,EsportFan99,Incroyable cette action de Gentle Mates !,None,1,10
608,KCorp_Spy,L'image est trop belle sur mon écran TCL,TCL,0,10
610,EsportFan99,Allez les Bleus ! #M8WIN,None,1,10
612,SyntaxError,#M8WIN #M8WIN #M8WIN,None,1,10
613,EsportFan99,TCL font des bêtes de télé en vrai,TCL,0,10
616,PlayerOne,J'adore le maillot avec le logo ALDI,ALDI,0,10
624,SyntaxError,L'image est trop belle sur mon écran TCL,TCL,0,10
629,SyntaxError,Le son sur Deezer est lourd,Deezer,0,10
630,AldiGamer,Gg les gars !,None,0,10
631,TCL_Screen,Incroyable cette action de Gentle Mates !,None,1,10
632,PlayerOne,M8 à la vie à la mort,None,1,10
633,LoL_Lover,C'est quoi la musique d'attente ? sur Deezer ?,Deezer,0,10
634,PlayerOne,Allez les Bleus ! #M8WIN,None,1,10
634,TCL_Screen,Le son sur Deezer est lourd,Deezer,0,10
635,DeezerEnjoyer,L'image est trop belle sur mon écran TCL,TCL,0,10
640,DeezerEnjoyer,Le stream bug non ?,None,0,10
640,LoL_Lover,Le stream bug non ?,None,0,10
641,AldiGamer,#M8WIN #M8WIN #M8WIN,None,1,10
644,AldiGamer,Le son sur Deezer est lourd,Deezer,0,10
647,SyntaxError,TCL font des bêtes de télé en vrai,TCL,0,10
647,DeezerEnjoyer,Allez les Bleus ! #M8WIN,None,1,10
647,EsportFan99,J'adore le maillot avec le logo ALDI,ALDI,0,10
651,AldiGamer,Allez les Bleus ! #M8WIN,None,1,10
651,KCorp_Spy,Gg les gars !,None,0,10
652,M8_Fan,C'est quoi la musique d'attente ? sur Deezer ?,Deezer,0,10
653,DeezerEnjoyer,Gg les gars !,None,0,10
655,LoL_Lover,ALDI c'est le meilleur sponsor !,ALDI,0,10
656,KCorp_Spy,Gg les gars !,None,0,10
658,M8_Fan,TCL font des bêtes de télé en vrai,TCL,0,10
659,KCorp_Spy,M8 à la vie à la mort,None,1,10
660,LoL_Lover,L'image est trop belle sur mon écran TCL,TCL,0,11
660,DeezerEnjoyer,Mais non ?!? Quelle action !,None,0,11
662,AldiGamer,Allez les Bleus ! #M8WIN,None,1,11
662,EsportFan99,Mais non ?!? Quelle action !,None,0,11
662,AldiGamer,M8 à la vie à la mort,None,1,11
663,SyntaxError,Le stream bug non ?,None,0,11
664,DeezerEnjoyer,Mais non ?!? Quelle action !,None,0,11
664,KCorp_Spy,L'image est trop belle sur mon écran TCL,TCL,0,11
666,PlayerOne,Incroyable cette action de Gentle Mates !,None,1,11
668,EsportFan99,C'est quoi la musique d'attente ? sur Deezer ?,Deezer,0,11
669,TCL_Screen,TCL font des bêtes de télé en vrai,TCL,0,11
672,SyntaxError,Incroyable cette action de Gentle Mates !,None,1,11
673,DeezerEnjoyer,#M8WIN #M8WIN #M8WIN,None,1,11
676,LoL_Lover,M8 domine complètement le match,None,1,11
677,SyntaxError,#M8WIN #M8WIN #M8WIN,None,1,11
678,KCorp_Spy,Mais non ?!? Quelle action !,None,0,11
681,TCL_Screen,M8 à la vie à la mort,None,1,11
682,PlayerOne,M8 domine complètement le match,None,1,11
685,DeezerEnjoyer,J'adore le maillot avec le logo ALDI,ALDI,0,11
685,EsportFan99,Mais non ?!? Quelle action !,None,0,11
686,PlayerOne,Mais non ?!? Quelle action !,None,0,11
686,TCL_Screen,ALDI c'est le meilleur sponsor !,ALDI,0,11
687,M8_Fan,Incroyable cette action de Gentle Mates !,None,1,11
693,DeezerEnjoyer,L'image est trop belle sur mon écran TCL,TCL,0,11
702,M8_Fan,#M8WIN #M8WIN #M8WIN,None,1,11
703,EsportFan99,C'est quoi la musique d'attente ? sur Deezer ?,Deezer,0,11
706,AldiGamer,Incroyable cette action de Gentle Mates !,None,1,11
708,SyntaxError,Mais non ?!? Quelle action !,None,0,11
708,EsportFan99,L'image est trop belle sur mon écran TCL,TCL,0,11
708,SyntaxError,M8 à la vie à la mort,None,1,11
709,EsportFan99,#M8WIN #M8WIN #M8WIN,None,1,11
710,DeezerEnjoyer,M8 à la vie à la mort,None,1,11
712,PlayerOne,#M8WIN #M8WIN #M8WIN,None,1,11
712,LoL_Lover,ALDI c'est le meilleur sponsor !,ALDI,0,11
715,DeezerEnjoyer,Gg les gars !,None,0,11
715,TCL_Screen,Le son sur Deezer est lourd,Deezer,0,11
716,SyntaxError,J'adore le maillot avec le logo ALDI,ALDI,0,11
727,PlayerOne,M8 domine complètement le match,None,1,12
729,SyntaxError,Allez les Bleus ! #M8WIN,None,1,12
733,TCL_Screen,M8 à la vie à la mort,None,1,12
735,DeezerEnjoyer,Le son sur Deezer est lourd,Deezer,0,12
735,SyntaxError,#M8WIN #M8WIN #M8WIN,None,1,12
741,KCorp_Spy,Incroyable cette action de Gentle Mates !,None,1,12
743,TCL_Screen,M8 domine complètement le match,None,1,12
743,M8_Fan,TCL font des bêtes de télé en vrai,TCL,0,12
748,LoL_Lover,J'adore le maillot avec le logo ALDI,ALDI,0,12
753,SyntaxError,#M8WIN #M8WIN #M8WIN,None,1,12
756,LoL_Lover,C'est quoi la musique d'attente ? sur Deezer ?,Deezer,0,12
760,LoL_Lover,Gg les gars !,None,0,12
760,AldiGamer,M8 à la vie à la mort,None,1,12
761,DeezerEnjoyer,TCL font des bêtes de télé en vrai,TCL,0,12
763,TCL_Screen,#M8WIN #M8WIN #M8WIN,None,1,12
771,TCL_Screen,ALDI c'est le meilleur sponsor !,ALDI,0,12
772,SyntaxError,L'image est trop belle sur mon écran TCL,TCL,0,12
773,AldiGamer,Allez les Bleus ! #M8WIN,None,1,12
777,SyntaxError,TCL font des bêtes de télé en vrai,TCL,0,12
780,TCL_Screen,M8 à la vie à la mort,None,1,13
783,PlayerOne,ALDI c'est le meilleur sponsor !,ALDI,0,13
792,AldiGamer,Mais non ?!? Quelle action !,None,0,13
792,AldiGamer,Le son sur Deezer est lourd,Deezer,0,13
793,TCL_Screen,Mais non ?!? Quelle action !,None,0,13
796,KCorp_Spy,Gg les gars !,None,0,13
799,KCorp_Spy,Gg les gars !,None,0,13
801,DeezerEnjoyer,TCL font des bêtes de télé en vrai,TCL,0,13
802,EsportFan99,C'est quoi la musique d'attente ? sur Deezer ?,Deezer,0,13
804,TCL_Screen,Incroyable cette action de Gentle Mates !,None,1,13
806,PlayerOne,M8 à la vie à la mort,None,1,13
807,LoL_Lover,Mais non ?!? Quelle action !,None,0,13
808,KCorp_Spy,ALDI c'est le meilleur sponsor !,ALDI,0,13
810,EsportFan99,TCL font des bêtes de télé en vrai,TCL,0,13
810,KCorp_Spy,Gg les gars !,None,0,13
812,AldiGamer,#M8WIN #M8WIN #M8WIN,None,1,13
820,M8_Fan,L'image est trop belle sur mon écran TCL,TCL,0,13
823,AldiGamer,M8 à la vie à la mort,None,1,13
823,AldiGamer,J'adore le maillot avec le logo ALDI,ALDI,0,13
823,LoL_Lover,Le stream bug non ?,None,0,13
825,PlayerOne,Le son sur Deezer est lourd,Deezer,0,13
828,EsportFan99,Incroyable cette action de Gentle Mates !,None,1,13
828,TCL_Screen,ALDI c'est le meilleur sponsor !,ALDI,0,13
828,LoL_Lover,Incroyable cette action de Gentle Mates !,None,1,13
830,LoL_Lover,Le son sur Deezer est lourd,Deezer,0,13
832,TCL_Screen,Mais non ?!? Quelle action !,None,0,13
834,AldiGamer,Gg les gars !,None,0,13
834,TCL_Screen,#M8WIN #M8WIN #M8WIN,None,1,13
838,KCorp_Spy,Allez les Bleus ! #M8WIN,None,1,13
839,PlayerOne,L'image est trop belle sur mon écran TCL,TCL,0,13
840,EsportFan99,Allez les Bleus ! #M8WIN,None,1,14
843,M8_Fan,#M8WIN #M8WIN #M8WIN,None,1,14
845,SyntaxError,#M8WIN #M8WIN #M8WIN,None,1,14
849,TCL_Screen,M8 à la vie à la mort,None,1,14
851,PlayerOne,Le son sur Deezer est lourd,Deezer,0,14
855,PlayerOne,M8 domine complètement le match,None,1,14
855,TCL_Screen,J'adore le maillot avec le logo ALDI,ALDI,0,14
856,TCL_Screen,J'adore le maillot avec le logo ALDI,ALDI,0,14
856,PlayerOne,L'image est trop belle sur mon écran TCL,TCL,0,14
865,TCL_Screen,Le son sur Deezer est lourd,Deezer,0,14
866,KCorp_Spy,#M8WIN #M8WIN #M8WIN,None,1,14
867,PlayerOne,Allez les Bleus ! #M8WIN,None,1,14
870,DeezerEnjoyer,Mais non ?!? Quelle action !,None,0,14
872,TCL_Screen,Gg les gars !,None,0,14
874,M8_Fan,J'adore le maillot avec le logo ALDI,ALDI,0,14
877,PlayerOne,Le stream bug non ?,None,0,14
877,AldiGamer,#M8WIN #M8WIN #M8WIN,None,1,14
879,TCL_Screen,#M8WIN #M8WIN #M8WIN,None,1,14
880,LoL_Lover,M8 domine complètement le match,None,1,14
886,EsportFan99,Mais non ?!? Quelle action !,None,0,14
888,DeezerEnjoyer,J'adore le maillot avec le logo ALDI,ALDI,0,14
888,AldiGamer,ALDI c'est le meilleur sponsor !,ALDI,0,14
888,LoL_Lover,Gg les gars !,None,0,14
888,PlayerOne,Gg les gars !,None,0,14
888,KCorp_Spy,Le stream bug non ?,None,0,14
889,AldiGamer,J'adore le maillot avec le logo ALDI,ALDI,0,14
892,M8_Fan,J'adore le maillot avec le logo ALDI,ALDI,0,14
892,TCL_Screen,Le stream bug non ?,None,0,14
893,DeezerEnjoyer,M8 domine complètement le match,None,1,14
894,KCorp_Spy,J'adore le maillot avec le logo ALDI,ALDI,0,14
895,EsportFan99,Gg les gars !,None,0,14
895,LoL_Lover,Allez les Bleus ! #M8WIN,None,1,14
897,PlayerOne,M8 à la vie à la mort,None,1,14
897,AldiGamer,Le son sur Deezer est lourd,Deezer,0,14
900,KCorp_Spy,Le son sur Deezer est lourd,Deezer,0,15
902,DeezerEnjoyer,Gg les gars !,None,0,15
903,EsportFan99,Gg les gars !,None,0,15
903,PlayerOne,Le stream bug non ?,None,0,15
905,KCorp_Spy,TCL font des bêtes de télé en vrai,TCL,0,15
911,PlayerOne,Le son sur Deezer est lourd,Deezer,0,15
913,SyntaxError,L'image est trop belle sur mon écran TCL,TCL,0,15
913,EsportFan99,Incroyable cette action de Gentle Mates !,None,1,15
915,SyntaxError,Gg les gars !,None,0,15
916,KCorp_Spy,ALDI c'est le meilleur sponsor !,ALDI,0,15
917,M8_Fan,Gg les gars !,None,0,15
921,DeezerEnjoyer,Le son sur Deezer est lourd,Deezer,0,15
923,KCorp_Spy,J'adore le maillot avec le logo ALDI,ALDI,0,15
925,SyntaxError,M8 domine complètement le match,None,1,15
930,PlayerOne,#M8WIN #M8WIN #M8WIN,None,1,15
931,AldiGamer,C'est quoi la musique d'attente ? sur Deezer ?,Deezer,0,15
935,LoL_Lover,J'adore le maillot avec le logo ALDI,ALDI,0,15
936,PlayerOne,#M8WIN #M8WIN #M8WIN,None,1,15
941,AldiGamer,L'image est trop belle sur mon écran TCL,TCL,0,15
949,EsportFan99,M8 domine complètement le match,None,1,15
950,LoL_Lover,Allez les Bleus ! #M8WIN,None,1,15
950,EsportFan99,#M8WIN #M8WIN #M8WIN,None,1,15
952,SyntaxError,Gg les gars !,None,0,15
952,KCorp_Spy,#M8WIN #M8WIN #M8WIN,None,1,15
952,M8_Fan,TCL font des bêtes de télé en vrai,TCL,0,15
955,KCorp_Spy,ALDI c'est le meilleur sponsor !,ALDI,0,15
958,DeezerEnjoyer,Le stream bug non ?,None,0,15
960,TCL_Screen,#M8WIN #M8WIN #M8WIN,None,1,16
966,PlayerOne,ALDI c'est le meilleur sponsor !,ALDI,0,16
968,TCL_Screen,C'est quoi la musique d'attente ? sur Deezer ?,Deezer,0,16
969,SyntaxError,M8 à la vie à la mort,None,1,16
972,EsportFan99,ALDI c'est le meilleur sponsor !,ALDI,0,16
972,DeezerEnjoyer,C'est quoi la musique d'attente ? sur Deezer ?,Deezer,0,16
972,PlayerOne,Mais non ?!? Quelle action !,None,0,16
973,KCorp_Spy,M8 domine complètement le match,None,1,16
973,LoL_Lover,L'image est trop belle sur mon écran TCL,TCL,0,16
974,TCL_Screen,M8 à la vie à la mort,None,1,16
974,SyntaxError,M8 à la vie à la mort,None,1,16
976,EsportFan99,C'est quoi la musique d'attente ? sur Deezer ?,Deezer,0,16
977,AldiGamer,#M8WIN #M8WIN #M8WIN,None,1,16
978,EsportFan99,TCL font des bêtes de télé en vrai,TCL,0,16
978,LoL_Lover,M8 à la vie à la mort,None,1,16
979,EsportFan99,L'image est trop belle sur mon écran TCL,TCL,0,16
981,AldiGamer,ALDI c'est le meilleur sponsor !,ALDI,0,16
981,PlayerOne,Le stream bug non ?,None,0,16
982,LoL_Lover,M8 domine complètement le match,None,1,16
983,AldiGamer,J'adore le maillot avec le logo ALDI,ALDI,0,16
985,LoL_Lover,Gg les gars !,None,0,16
988,LoL_Lover,C'est quoi la musique d'attente ? sur Deezer ?,Deezer,0,16
988,SyntaxError,Allez les Bleus ! #M8WIN,None,1,16
989,DeezerEnjoyer,J'adore le maillot avec le logo ALDI,ALDI,0,16
990,SyntaxError,J'adore le maillot avec le logo ALDI,ALDI,0,16
992,KCorp_Spy,Gg les gars !,None,0,16
993,KCorp_Spy,Allez les Bleus ! #M8WIN,None,1,16
994,PlayerOne,ALDI c'est le meilleur sponsor !,ALDI,0,16
999,TCL_Screen,L'image est trop belle sur mon écran TCL,TCL,0,16
1002,M8_Fan,ALDI c'est le meilleur sponsor !,ALDI,0,16
1005,TCL_Screen,J'adore le maillot avec le logo ALDI,ALDI,0,16
1008,EsportFan99,J'adore le maillot avec le logo ALDI,ALDI,0,16
1008,DeezerEnjoyer,J'adore le maillot avec le logo ALDI,ALDI,0,16
1010,M8_Fan,TCL font des bêtes de télé en vrai,TCL,0,16
1011,PlayerOne,J'adore le maillot avec le logo ALDI,ALDI,0,16
1011,DeezerEnjoyer,Mais non ?!? Quelle action !,None,0,16
1011,EsportFan99,Incroyable cette action de Gentle Mates !,None,1,16
1012,DeezerEnjoyer,L'image est trop belle sur mon écran TCL,TCL,0,16
1016,M8_Fan,M8 à la vie à la mort,None,1,16
1020,DeezerEnjoyer,M8 domine complètement le match,None,1,17
1021,DeezerEnjoyer,M8 à la vie à la mort,None,1,17
1021,M8_Fan,ALDI c'est le meilleur sponsor !,ALDI,0,17
1022,LoL_Lover,TCL font des bêtes de télé en vrai,TCL,0,17
1022,LoL_Lover,C'est quoi la musique d'attente ? sur Deezer ?,Deezer,0,17
1025,KCorp_Spy,Le stream bug non ?,None,0,17
1028,PlayerOne,Incroyable cette action de Gentle Mates !,None,1,17
1028,PlayerOne,Gg les gars !,None,0,17
1030,DeezerEnjoyer,J'adore le maillot avec le logo ALDI,ALDI,0,17
1031,M8_Fan,C'est quoi la musique d'attente ? sur Deezer ?,Deezer,0,17
1031,SyntaxError,J'adore le maillot avec le logo ALDI,ALDI,0,17
1031,LoL_Lover,Le stream bug non ?,None,0,17
1038,PlayerOne,M8 domine complètement le match,None,1,17
1039,KCorp_Spy,J'adore le maillot avec le logo ALDI,ALDI,0,17
1042,DeezerEnjoyer,C'est quoi la musique d'attente ? sur Deezer ?,Deezer,0,17
1045,LoL_Lover,Mais non ?!? Quelle action !,None,0,17
1050,DeezerEnjoyer,#M8WIN #M8WIN #M8WIN,None,1,17
1050,PlayerOne,C'est quoi la musique d'attente ? sur Deezer ?,Deezer,0,17
1051,PlayerOne,J'adore le maillot avec le logo ALDI,ALDI,0,17
1056,SyntaxError,J'adore le maillot avec le logo ALDI,ALDI,0,17
1057,LoL_Lover,#M8WIN #M8WIN #M8WIN,None,1,17
1069,PlayerOne,J'adore le maillot avec le logo ALDI,ALDI,0,17
1084,LoL_Lover,Allez les Bleus ! #M8WIN,None,1,18
1085,LoL_Lover,Le son sur Deezer est lourd,Deezer,0,18
1086,LoL_Lover,L'image est trop belle sur mon écran TCL,TCL,0,18
1086,AldiGamer,Incroyable cette action de Gentle Mates !,None,1,18
1091,AldiGamer,M8 à la vie à la mort,None,1,18
1095,PlayerOne,Gg les gars !,None,0,18
1099,KCorp_Spy,ALDI c'est le meilleur sponsor !,ALDI,0,18
1100,M8_Fan,Gg les gars !,None,0,18
1101,EsportFan99,Le stream bug non ?,None,0,18
1102,M8_Fan,TCL font des bêtes de télé en vrai,TCL,0,18
1103,PlayerOne,TCL font des bêtes de télé en vrai,TCL,0,18
1104,DeezerEnjoyer,L'image est trop belle sur mon écran TCL,TCL,0,18
1104,M8_Fan,Le stream bug non ?,None,0,18
1104,KCorp_Spy,TCL font des bêtes de télé en vrai,TCL,0,18
1106,KCorp_Spy,TCL font des bêtes de télé en vrai,TCL,0,18
1109,TCL_Screen,M8 à la vie à la mort,None,1,18
1109,LoL_Lover,ALDI c'est le meilleur sponsor !,ALDI,0,18
1114,LoL_Lover,L'image est trop belle sur mon écran TCL,TCL,0,18
1115,SyntaxError,Le stream bug non ?,None,0,18
1116,SyntaxError,Le stream bug non ?,None,0,18
1119,AldiGamer,Incroyable cette action de Gentle Mates !,None,1,18
1119,DeezerEnjoyer,#M8WIN #M8WIN #M8WIN,None,1,18
1120,PlayerOne,L'image est trop belle sur mon écran TCL,TCL,0,18
1120,DeezerEnjoyer,Le stream bug non ?,None,0,18
1124,SyntaxError,Le son sur Deezer est lourd,Deezer,0,18
1126,EsportFan99,L'image est trop belle sur mon écran TCL,TCL,0,18
1127,M8_Fan,M8 domine complètement le match,None,1,18
1127,M8_Fan,TCL font des bêtes de télé en vrai,TCL,0,18
1130,TCL_Screen,C'est quoi la musique d'attente ? sur Deezer ?,Deezer,0,18
1130,LoL_Lover,Le son sur Deezer est lourd,Deezer,0,18
1130,PlayerOne,Incroyable cette action de Gentle Mates !,None,1,18
1133,PlayerOne,Incroyable cette action de Gentle Mates !,None,1,18
1133,PlayerOne,Incroyable cette action de Gentle Mates !,None,1,18
1136,AldiGamer,TCL font des bêtes de télé en vrai,TCL,0,18
1137,AldiGamer,Incroyable cette action de Gentle Mates !,None,1,18
1139,DeezerEnjoyer,Allez les Bleus ! #M8WIN,None,1,18
1141,EsportFan99,Allez les Bleus ! #M8WIN,None,1,19
1142,EsportFan99,Mais non ?!? Quelle action !,None,0,19
1142,EsportFan99,L'image est trop belle sur mon écran TCL,TCL,0,19
1144,SyntaxError,Gg les gars !,None,0,19
1146,EsportFan99,C'est quoi la musique d'attente ? sur Deezer ?,Deezer,0,19
1147,KCorp_Spy,J'adore le maillot avec le logo ALDI,ALDI,0,19
1148,AldiGamer,Le stream bug non ?,None,0,19
1151,PlayerOne,Allez les Bleus ! #M8WIN,None,1,19
1151,PlayerOne,Gg les gars !,None,0,19
1155,SyntaxError,ALDI c'est le meilleur sponsor !,ALDI,0,19
1157,TCL_Screen,Allez les Bleus ! #M8WIN,None,1,19
1158,EsportFan99,Le stream bug non ?,None,0,19
1159,AldiGamer,J'adore le maillot avec le logo ALDI,ALDI,0,19
1159,AldiGamer,#M8WIN #M8WIN #M8WIN,None,1,19
1163,TCL_Screen,Le son sur Deezer est lourd,Deezer,0,19
1169,M8_Fan,Gg les gars !,None,0,19
1170,KCorp_Spy,ALDI c'est le meilleur sponsor !,ALDI,0,19
1172,DeezerEnjoyer,Le stream bug non ?,None,0,19
1172,TCL_Screen,L'image est trop belle sur mon écran TCL,TCL,0,19
1172,LoL_Lover,ALDI c'est le meilleur sponsor !,ALDI,0,19
1174,DeezerEnjoyer,C'est quoi la musique d'attente ? sur Deezer ?,Deezer,0,19
1175,LoL_Lover,#M8WIN #M8WIN #M8WIN,None,1,19
1175,TCL_Screen,C'est quoi la musique d'attente ? sur Deezer ?,Deezer,0,19
1176,TCL_Screen,Allez les Bleus ! #M8WIN,None,1,19
1176,DeezerEnjoyer,M8 à la vie à la mort,None,1,19
1177,M8_Fan,ALDI c'est le meilleur sponsor !,ALDI,0,19
1184,AldiGamer,C'est quoi la musique d'attente ? sur Deezer ?,Deezer,0,19
1184,KCorp_Spy,Gg les gars !,None,0,19
1185,TCL_Screen,Allez les Bleus ! #M8WIN,None,1,19
1190,AldiGamer,M8 domine complètement le match,None,1,19
1196,PlayerOne,Incroyable cette action de Gentle Mates !,None,1,19
1196,TCL_Screen,M8 domine complètement le match,None,1,19
1197,M8_Fan,Mais non ?!? Quelle action !,None,0,19
1202,TCL_Screen,M8 domine complètement le match,None,1,20
1204,AldiGamer,Le son sur Deezer est lourd,Deezer,0,20
1204,LoL_Lover,TCL font des bêtes de télé en vrai,TCL,0,20
1206,M8_Fan,Le stream bug non ?,None,0,20
1206,EsportFan99,M8 domine complètement le match,None,1,20
1208,KCorp_Spy,Incroyable cette action de Gentle Mates !,None,1,20
1210,SyntaxError,Allez les Bleus ! #M8WIN,None,1,20
1211,PlayerOne,C'est quoi la musique d'attente ? sur Deezer ?,Deezer,0,20
1212,AldiGamer,#M8WIN #M8WIN #M8WIN,None,1,20
1212,SyntaxError,Le son sur Deezer est lourd,Deezer,0,20
1213,KCorp_Spy,M8 à la vie à la mort,None,1,20
1215,DeezerEnjoyer,M8 domine complètement le match,None,1,20
1216,PlayerOne,L'image est trop belle sur mon écran TCL,TCL,0,20
1216,KCorp_Spy,M8 à la vie à la mort,None,1,20
1222,SyntaxError,C'est quoi la musique d'attente ? sur Deezer ?,Deezer,0,20
1225,LoL_Lover,Le son sur Deezer est lourd,Deezer,0,20
1225,EsportFan99,#M8WIN #M8WIN #M8WIN,None,1,20
1226,M8_Fan,TCL font des bêtes de télé en vrai,TCL,0,20
1228,EsportFan99,L'image est trop belle sur mon écran TCL,TCL,0,20
1231,LoL_Lover,Le son sur Deezer est lourd,Deezer,0,20
1233,LoL_Lover,Allez les Bleus ! #M8WIN,None,1,20
1233,PlayerOne,L'image est trop belle sur mon écran TCL,TCL,0,20
1235,AldiGamer,M8 domine complètement le match,None,1,20
1236,SyntaxError,M8 à la vie à la mort,None,1,20
1241,SyntaxError,Le son sur Deezer est lourd,Deezer,0,20
1242,LoL_Lover,Allez les Bleus ! #M8WIN,None,1,20
1244,DeezerEnjoyer,Le son sur Deezer est lourd,Deezer,0,20
1244,TCL_Screen,M8 domine complètement le match,None,1,20
1247,EsportFan99,Le stream bug non ?,None,0,20
1247,LoL_Lover,Allez les Bleus ! #M8WIN,None,1,20
1248,M8_Fan,J'adore le maillot avec le logo ALDI,ALDI,0,20
1250,KCorp_Spy,TCL font des bêtes de télé en vrai,TCL,0,20
1259,M8_Fan,M8 à la vie à la mort,None,1,20
1260,DeezerEnjoyer,TCL font des bêtes de télé en vrai,TCL,0,21
1262,KCorp_Spy,C'est quoi la musique d'attente ? sur Deezer ?,Deezer,0,21
1262,AldiGamer,Incroyable cette action de Gentle Mates !,None,1,21
1263,AldiGamer,J'adore le maillot avec le logo ALDI,ALDI,0,21
1264,TCL_Screen,J'adore le maillot avec le logo ALDI,ALDI,0,21
1265,AldiGamer,J'adore le maillot avec le logo ALDI,ALDI,0,21
1267,TCL_Screen,Le son sur Deezer est lourd,Deezer,0,21
1268,DeezerEnjoyer,Incroyable cette action de Gentle Mates !,None,1,21
1269,PlayerOne,Allez les Bleus ! #M8WIN,None,1,21
1275,PlayerOne,Gg les gars !,None,0,21
1277,M8_Fan,#M8WIN #M8WIN #M8WIN,None,1,21
1280,SyntaxError,TCL font des bêtes de télé en vrai,TCL,0,21
1282,LoL_Lover,M8 à la vie à la mort,None,1,21
1288,AldiGamer,ALDI c'est le meilleur sponsor !,ALDI,0,21
1290,M8_Fan,Le son sur Deezer est lourd,Deezer,0,21
1292,SyntaxError,Mais non ?!? Quelle action !,None,0,21
1293,M8_Fan,Gg les gars !,None,0,21
1293,TCL_Screen,C'est quoi la musique d'attente ? sur Deezer ?,Deezer,0,21
1304,TCL_Screen,ALDI c'est le meilleur sponsor !,ALDI,0,21
1306,LoL_Lover,M8 à la vie à la mort,None,1,21
1311,EsportFan99,Mais non ?!? Quelle action !,None,0,21
1314,PlayerOne,Incroyable cette action de Gentle Mates !,None,1,21
1324,LoL_Lover,#M8WIN #M8WIN #M8WIN,None,1,22
1324,TCL_Screen,M8 à la vie à la mort,None,1,22
1324,AldiGamer,C'est quoi la musique d'attente ? sur Deezer ?,Deezer,0,22
1326,TCL_Screen,M8 à la vie à la mort,None,1,22
1326,AldiGamer,Gg les gars !,None,0,22
1332,M8_Fan,Mais non ?!? Quelle action !,None,0,22
1333,EsportFan99,Incroyable cette action de Gentle Mates !,None,1,22
1334,SyntaxError,Mais non ?!? Quelle action !,None,0,22
1336,KCorp_Spy,Le son sur Deezer est lourd,Deezer,0,22
1338,KCorp_Spy,TCL font des bêtes de télé en vrai,TCL,0,22
1344,PlayerOne,Le son sur Deezer est lourd,Deezer,0,22
1356,PlayerOne,Le stream bug non ?,None,0,22
1358,EsportFan99,C'est quoi la musique d'attente ? sur Deezer ?,Deezer,0,22
1358,EsportFan99,#M8WIN #M8WIN #M8WIN,None,1,22
1361,KCorp_Spy,#M8WIN #M8WIN #M8WIN,None,1,22
1361,EsportFan99,#M8WIN #M8WIN #M8WIN,None,1,22
1362,SyntaxError,Gg les gars !,None,0,22
1367,TCL_Screen,J'adore le maillot avec le logo ALDI,ALDI,0,22
1372,AldiGamer,Incroyable cette action de Gentle Mates !,None,1,22
1381,AldiGamer,M8 domine complètement le match,None,1,23
1381,LoL_Lover,M8 domine complètement le match,None,1,23
1383,EsportFan99,Incroyable cette action de Gentle Mates !,None,1,23
1387,SyntaxError,Le stream bug non ?,None,0,23
1389,M8_Fan,J'adore le maillot avec le logo ALDI,ALDI,0,23
1393,LoL_Lover,Gg les gars !,None,0,23
1395,PlayerOne,M8 domine complètement le match,None,1,23
1395,KCorp_Spy,Mais non ?!? Quelle action !,None,0,23
1395,PlayerOne,#M8WIN #M8WIN #M8WIN,None,1,23
1397,SyntaxError,J'adore le maillot avec le logo ALDI,ALDI,0,23
1398,KCorp_Spy,Mais non ?!? Quelle action !,None,0,23
1398,EsportFan99,Incroyable cette action de Gentle Mates !,None,1,23
1399,SyntaxError,Allez les Bleus ! #M8WIN,None,1,23
1401,TCL_Screen,Mais non ?!? Quelle action !,None,0,23
1404,EsportFan99,#M8WIN #M8WIN #M8WIN,None,1,23
1404,EsportFan99,L'image est trop belle sur mon écran TCL,TCL,0,23
1406,M8_Fan,L'image est trop belle sur mon écran TCL,TCL,0,23
1409,TCL_Screen,L'image est trop belle sur mon écran TCL,TCL,0,23
1410,TCL_Screen,Allez les Bleus ! #M8WIN,None,1,23
1412,M8_Fan,Le son sur Deezer est lourd,Deezer,0,23
1418,TCL_Screen,Incroyable cette action de Gentle Mates !,None,1,23
1418,TCL_Screen,J'adore le maillot avec le logo ALDI,ALDI,0,23
1422,M8_Fan,M8 domine complètement le match,None,1,23
1425,AldiGamer,L'image est trop belle sur mon écran TCL,TCL,0,23
1426,PlayerOne,Mais non ?!? Quelle action !,None,0,23
1427,TCL_Screen,M8 domine complètement le match,None,1,23
1428,KCorp_Spy,Allez les Bleus ! #M8WIN,None,1,23
1434,M8_Fan,M8 domine complètement le match,None,1,23
1435,LoL_Lover,Gg les gars !,None,0,23
1436,PlayerOne,C'est quoi la musique d'attente ? sur Deezer ?,Deezer,0,23
1437,PlayerOne,Gg les gars !,None,0,23
1439,SyntaxError,M8 à la vie à la mort,None,1,23
1442,M8_Fan,TCL font des bêtes de télé en vrai,TCL,0,24
1444,AldiGamer,Incroyable cette action de Gentle Mates !,None,1,24
1450,DeezerEnjoyer,Le stream bug non ?,None,0,24
1450,SyntaxError,ALDI c'est le meilleur sponsor !,ALDI,0,24
1450,LoL_Lover,Mais non ?!? Quelle action !,None,0,24
1450,EsportFan99,M8 domine complètement le match,None,1,24
1451,PlayerOne,Allez les Bleus ! #M8WIN,None,1,24
1452,DeezerEnjoyer,M8 domine complètement le match,None,1,24
1457,AldiGamer,J'adore le maillot avec le logo ALDI,ALDI,0,24
1458,TCL_Screen,Mais non ?!? Quelle action !,None,0,24
1459,PlayerOne,M8 à la vie à la mort,None,1,24
1462,M8_Fan,Le son sur Deezer est lourd,Deezer,0,24
1466,DeezerEnjoyer,#M8WIN #M8WIN #M8WIN,None,1,24
1468,LoL_Lover,L'image est trop belle sur mon écran TCL,TCL,0,24
1469,DeezerEnjoyer,Mais non ?!? Quelle action !,None,0,24
1472,PlayerOne,Le son sur Deezer est lourd,Deezer,0,24
1474,LoL_Lover,#M8WIN #M8WIN #M8WIN,None,1,24
1474,TCL_Screen,M8 à la vie à la mort,None,1,24
1475,M8_Fan,M8 domine complètement le match,None,1,24
1477,EsportFan99,Allez les Bleus ! #M8WIN,None,1,24
1480,AldiGamer,L'image est trop belle sur mon écran TCL,TCL,0,24
1481,M8_Fan,Incroyable cette action de Gentle Mates !,None,1,24
1482,KCorp_Spy,J'adore le maillot avec le logo ALDI,ALDI,0,24
1483,LoL_Lover,C'est quoi la musique d'attente ? sur Deezer ?,Deezer,0,24
1486,SyntaxError,TCL font des bêtes de télé en vrai,TCL,0,24
1491,KCorp_Spy,M8 domine complètement le match,None,1,24
1492,M8_Fan,Incroyable cette action de Gentle Mates !,None,1,24
1493,M8_Fan,M8 à la vie à la mort,None,1,24
1500,PlayerOne,L'image est trop belle sur mon écran TCL,TCL,0,25
1504,LoL_Lover,TCL font des bêtes de télé en vrai,TCL,0,25
1505,KCorp_Spy,TCL font des bêtes de télé en vrai,TCL,0,25
1506,TCL_Screen,Le son sur Deezer est lourd,Deezer,0,25
1508,LoL_Lover,Allez les Bleus ! #M8WIN,None,1,25
1510,KCorp_Spy,M8 domine complètement le match,None,1,25
1510,DeezerEnjoyer,Le son sur Deezer est lourd,Deezer,0,25
1513,TCL_Screen,Allez les Bleus ! #M8WIN,None,1,25
1517,SyntaxError,Le son sur Deezer est lourd,Deezer,0,25
1521,PlayerOne,TCL font des bêtes de télé en vrai,TCL,0,25
1522,AldiGamer,L'image est trop belle sur mon écran TCL,TCL,0,25
1523,EsportFan99,#M8WIN #M8WIN #M8WIN,None,1,25
1523,LoL_Lover,L'image est trop belle sur mon écran TCL,TCL,0,25
1525,DeezerEnjoyer,Gg les gars !,None,0,25
1526,EsportFan99,Le son sur Deezer est lourd,Deezer,0,25
1527,KCorp_Spy,J'adore le maillot avec le logo ALDI,ALDI,0,25
1528,PlayerOne,Mais non ?!? Quelle action !,None,0,25
1530,DeezerEnjoyer,Le son sur Deezer est lourd,Deezer,0,25
1530,TCL_Screen,M8 à la vie à la mort,None,1,25
1539,AldiGamer,Allez les Bleus ! #M8WIN,None,1,25
1544,M8_Fan,J'adore le maillot avec le logo ALDI,ALDI,0,25
1552,TCL_Screen,C'est quoi la musique d'attente ? sur Deezer ?,Deezer,0,25
1552,AldiGamer,#M8WIN #M8WIN #M8WIN,None,1,25
1552,SyntaxError,#M8WIN #M8WIN #M8WIN,None,1,25
1553,AldiGamer,Le stream bug non ?,None,0,25
1554,LoL_Lover,L'image est trop belle sur mon écran TCL,TCL,0,25
1554,PlayerOne,Allez les Bleus ! #M8WIN,None,1,25
1554,LoL_Lover,Incroyable cette action de Gentle Mates !,None,1,25
1557,KCorp_Spy,M8 domine complètement le match,None,1,25
1558,M8_Fan,Gg les gars !,None,0,25
1558,M8_Fan,TCL font des bêtes de télé en vrai,TCL,0,25
1562,LoL_Lover,Gg les gars !,None,0,26
1564,PlayerOne,C'est quoi la musique d'attente ? sur Deezer ?,Deezer,0,26
1565,SyntaxError,#M8WIN #M8WIN #M8WIN,None,1,26
1569,EsportFan99,Le stream bug non ?,None,0,26
1579,M8_Fan,Gg les gars !,None,0,26
1581,PlayerOne,M8 à la vie à la mort,None,1,26
1581,PlayerOne,Gg les gars !,None,0,26
1585,M8_Fan,M8 à la vie à la mort,None,1,26
1593,KCorp_Spy,Gg les gars !,None,0,26
1594,DeezerEnjoyer,M8 à la vie à la mort,None,1,26
1596,KCorp_Spy,Gg les gars !,None,0,26
1597,PlayerOne,Gg les gars !,None,0,26
1598,DeezerEnjoyer,M8 domine complètement le match,None,1,26
1599,EsportFan99,#M8WIN #M8WIN #M8WIN,None,1,26
1600,DeezerEnjoyer,ALDI c'est le meilleur sponsor !,ALDI,0,26
1603,M8_Fan,TCL font des bêtes de télé en vrai,TCL,0,26
1605,DeezerEnjoyer,ALDI c'est le meilleur sponsor !,ALDI,0,26
1605,M8_Fan,Mais non ?!? Quelle action !,None,0,26
1606,TCL_Screen,TCL font des bêtes de télé en vrai,TCL,0,26
1609,DeezerEnjoyer,ALDI c'est le meilleur sponsor !,ALDI,0,26
1610,EsportFan99,Allez les Bleus ! #M8WIN,None,1,26
1612,DeezerEnjoyer,TCL font des bêtes de télé en vrai,TCL,0,26
1614,TCL_Screen,C'est quoi la musique d'attente ? sur Deezer ?,Deezer,0,26
1615,AldiGamer,J'adore le maillot avec le logo ALDI,ALDI,0,26
1625,KCorp_Spy,M8 domine complètement le match,None,1,27
1628,KCorp_Spy,Le stream bug non ?,None,0,27
1629,DeezerEnjoyer,M8 domine complètement le match,None,1,27
1631,SyntaxError,Le stream bug non ?,None,0,27
1634,TCL_Screen,ALDI c'est le meilleur sponsor !,ALDI,0,27
1635,AldiGamer,Le stream bug non ?,None,0,27
1635,PlayerOne,L'image est trop belle sur mon écran TCL,TCL,0,27
1636,KCorp_Spy,Mais non ?!? Quelle action !,None,0,27
1637,KCorp_Spy,L'image est trop belle sur mon écran TCL,TCL,0,27
1638,PlayerOne,Gg les gars !,None,0,27
1638,LoL_Lover,Allez les Bleus ! #M8WIN,None,1,27
1638,SyntaxError,Gg les gars !,None,0,27
1640,LoL_Lover,Gg les gars !,None,0,27
1643,EsportFan99,Gg les gars !,None,0,27
1644,TCL_Screen,M8 à la vie à la mort,None,1,27
1644,DeezerEnjoyer,C'est quoi la musique d'attente ? sur Deezer ?,Deezer,0,27
1645,M8_Fan,J'adore le maillot avec le logo ALDI,ALDI,0,27
1646,DeezerEnjoyer,Allez les Bleus ! #M8WIN,None,1,27
1647,KCorp_Spy,ALDI c'est le meilleur sponsor !,ALDI,0,27
1652,PlayerOne,M8 à la vie à la mort,None,1,27
1655,SyntaxError,Allez les Bleus ! #M8WIN,None,1,27
1658,AldiGamer,#M8WIN #M8WIN #M8WIN,None,1,27
1660,PlayerOne,M8 domine complètement le match,None,1,27
1662,AldiGamer,Mais non ?!? Quelle action !,None,0,27
1665,LoL_Lover,Allez les Bleus ! #M8WIN,None,1,27
1667,PlayerOne,J'adore le maillot avec le logo ALDI,ALDI,0,27
1670,KCorp_Spy,M8 domine complètement le match,None,1,27
1672,AldiGamer,M8 domine complètement le match,None,1,27
1677,M8_Fan,Gg les gars !,None,0,27
1682,LoL_Lover,J'adore le maillot avec le logo ALDI,ALDI,0,28
1685,SyntaxError,TCL font des bêtes de télé en vrai,TCL,0,28
1688,EsportFan99,L'image est trop belle sur mon écran TCL,TCL,0,28
1690,DeezerEnjoyer,M8 à la vie à la mort,None,1,28
1691,EsportFan99,Incroyable cette action de Gentle Mates !,None,1,28
1691,TCL_Screen,ALDI c'est le meilleur sponsor !,ALDI,0,28
1692,PlayerOne,M8 à la vie à la mort,None,1,28
1694,M8_Fan,#M8WIN #M8WIN #M8WIN,None,1,28
1698,KCorp_Spy,M8 à la vie à la mort,None,1,28
1698,DeezerEnjoyer,C'est quoi la musique d'attente ? sur Deezer ?,Deezer,0,28
1699,LoL_Lover,Incroyable cette action de Gentle Mates !,None,1,28
1699,DeezerEnjoyer,L'image est trop belle sur mon écran TCL,TCL,0,28
1699,TCL_Screen,L'image est trop belle sur mon écran TCL,TCL,0,28
1700,M8_Fan,M8 à la vie à la mort,None,1,28
1701,LoL_Lover,J'adore le maillot avec le logo ALDI,ALDI,0,28
1702,SyntaxError,J'adore le maillot avec le logo ALDI,ALDI,0,28
1705,DeezerEnjoyer,J'adore le maillot avec le logo ALDI,ALDI,0,28
1706,EsportFan99,M8 domine complètement le match,None,1,28
1707,PlayerOne,ALDI c'est le meilleur sponsor !,ALDI,0,28
1709,EsportFan99,ALDI c'est le meilleur sponsor !,ALDI,0,28
1709,AldiGamer,Gg les gars !,None,0,28
1711,AldiGamer,M8 domine complètement le match,None,1,28
1714,AldiGamer,Le son sur Deezer est lourd,Deezer,0,28
1714,LoL_Lover,Le stream bug non ?,None,0,28
1715,M8_Fan,Le stream bug non ?,None,0,28
1716,SyntaxError,Allez les Bleus ! #M8WIN,None,1,28
1723,DeezerEnjoyer,Incroyable cette action de Gentle Mates !,None,1,28
1731,SyntaxError,Gg les gars !,None,0,28
1731,M8_Fan,Gg les gars !,None,0,28
1732,DeezerEnjoyer,J'adore le maillot avec le logo ALDI,ALDI,0,28
1734,TCL_Screen,#M8WIN #M8WIN #M8WIN,None,1,28
1736,LoL_Lover,L'image est trop belle sur mon écran TCL,TCL,0,28
1739,TCL_Screen,TCL font des bêtes de télé en vrai,TCL,0,28
1739,LoL_Lover,J'adore le maillot avec le logo ALDI,ALDI,0,28
1742,LoL_Lover,Le stream bug non ?,None,0,29
1744,KCorp_Spy,Allez les Bleus ! #M8WIN,None,1,29
1747,EsportFan99,M8 domine complètement le match,None,1,29
1755,KCorp_Spy,J'adore le maillot avec le logo ALDI,ALDI,0,29
1756,SyntaxError,M8 à la vie à la mort,None,1,29
1756,TCL_Screen,M8 à la vie à la mort,None,1,29
1759,KCorp_Spy,Allez les Bleus ! #M8WIN,None,1,29
1760,SyntaxError,Mais non ?!? Quelle action !,None,0,29
1766,SyntaxError,J'adore le maillot avec le logo ALDI,ALDI,0,29
1767,SyntaxError,C'est quoi la musique d'attente ? sur Deezer ?,Deezer,0,29
1768,SyntaxError,ALDI c'est le meilleur sponsor !,ALDI,0,29
1774,AldiGamer,M8 domine complètement le match,None,1,29
1776,KCorp_Spy,J'adore le maillot avec le logo ALDI,ALDI,0,29
1778,AldiGamer,M8 à la vie à la mort,None,1,29
1779,PlayerOne,Incroyable cette action de Gentle Mates !,None,1,29
1779,M8_Fan,M8 à la vie à la mort,None,1,29
1785,TCL_Screen,#M8WIN #M8WIN #M8WIN,None,1,29
1792,PlayerOne,M8 à la vie à la mort,None,1,29
1792,EsportFan99,TCL font des bêtes de télé en vrai,TCL,0,29
1794,SyntaxError,M8 à la vie à la mort,None,1,29
1797,AldiGamer,C'est quoi la musique d'attente ? sur Deezer ?,Deezer,0,29
1798,DeezerEnjoyer,TCL font des bêtes de télé en vrai,TCL,0,29
1799,EsportFan99,J'adore le maillot avec le logo ALDI,ALDI,0,29
1801,KCorp_Spy,Gg les gars !,None,0,30
1802,AldiGamer,M8 à la vie à la mort,None,1,30
1803,M8_Fan,Le stream bug non ?,None,0,30
1805,LoL_Lover,Mais non ?!? Quelle action !,None,0,30
1810,KCorp_Spy,C'est quoi la musique d'attente ? sur Deezer ?,Deezer,0,30
1813,M8_Fan,TCL font des bêtes de télé en vrai,TCL,0,30
1815,EsportFan99,Gg les gars !,None,0,30
1816,PlayerOne,#M8WIN #M8WIN #M8WIN,None,1,30
1817,SyntaxError,M8 domine complètement le match,None,1,30
1824,SyntaxError,M8 domine complètement le match,None,1,30
1825,KCorp_Spy,J'adore le maillot avec le logo ALDI,ALDI,0,30
1827,M8_Fan,Gg les gars !,None,0,30
1827,PlayerOne,Le stream bug non ?,None,0,30
1828,DeezerEnjoyer,L'image est trop belle sur mon écran TCL,TCL,0,30
1829,KCorp_Spy,Le stream bug non ?,None,0,30
1831,KCorp_Spy,Allez les Bleus ! #M8WIN,None,1,30
1833,PlayerOne,Incroyable cette action de Gentle Mates !,None,1,30
1835,EsportFan99,Le stream bug non ?,None,0,30
1835,LoL_Lover,Le stream bug non ?,None,0,30
1835,EsportFan99,M8 domine complètement le match,None,1,30
1838,DeezerEnjoyer,ALDI c'est le meilleur sponsor !,ALDI,0,30
1839,AldiGamer,L'image est trop belle sur mon écran TCL,TCL,0,30
1842,PlayerOne,M8 à la vie à la mort,None,1,30
1846,AldiGamer,TCL font des bêtes de télé en vrai,TCL,0,30
1846,KCorp_Spy,L'image est trop belle sur mon écran TCL,TCL,0,30
1847,TCL_Screen,J'adore le maillot avec le logo ALDI,ALDI,0,30
1850,AldiGamer,Gg les gars !,None,0,30
1850,DeezerEnjoyer,L'image est trop belle sur mon écran TCL,TCL,0,30
1850,SyntaxError,Le son sur Deezer est lourd,Deezer,0,30
1861,AldiGamer,L'image est trop belle sur mon écran TCL,TCL,0,31
1869,AldiGamer,#M8WIN #M8WIN #M8WIN,None,1,31
1871,TCL_Screen,J'adore le maillot avec le logo ALDI,ALDI,0,31
1874,SyntaxError,J'adore le maillot avec le logo ALDI,ALDI,0,31
1874,M8_Fan,Le son sur Deezer est lourd,Deezer,0,31
1875,DeezerEnjoyer,Incroyable cette action de Gentle Mates !,None,1,31
1875,LoL_Lover,Le stream bug non ?,None,0,31
1876,LoL_Lover,Le son sur Deezer est lourd,Deezer,0,31
1876,TCL_Screen,Allez les Bleus ! #M8WIN,None,1,31
1876,EsportFan99,L'image est trop belle sur mon écran TCL,TCL,0,31
1878,AldiGamer,Le son sur Deezer est lourd,Deezer,0,31
1880,TCL_Screen,L'image est trop belle sur mon écran TCL,TCL,0,31
1881,TCL_Screen,Incroyable cette action de Gentle Mates !,None,1,31
1882,AldiGamer,ALDI c'est le meilleur sponsor !,ALDI,0,31
1882,M8_Fan,Mais non ?!? Quelle action !,None,0,31
1883,KCorp_Spy,Le stream bug non ?,None,0,31
1884,KCorp_Spy,ALDI c'est le meilleur sponsor !,ALDI,0,31
1891,AldiGamer,Gg les gars !,None,0,31
1891,LoL_Lover,M8 à la vie à la mort,None,1,31
1891,SyntaxError,ALDI c'est le meilleur sponsor !,ALDI,0,31
1892,AldiGamer,TCL font des bêtes de télé en vrai,TCL,0,31
1900,KCorp_Spy,TCL font des bêtes de télé en vrai,TCL,0,31
1904,LoL_Lover,Incroyable cette action de Gentle Mates !,None,1,31
1904,TCL_Screen,Gg les gars !,None,0,31
1915,DeezerEnjoyer,M8 à la vie à la mort,None,1,31
1915,KCorp_Spy,Mais non ?!? Quelle action !,None,0,31
1916,TCL_Screen,Incroyable cette action de Gentle Mates !,None,1,31
1916,KCorp_Spy,Le son sur Deezer est lourd,Deezer,0,31
1921,DeezerEnjoyer,C'est quoi la musique d'attente ? sur Deezer ?,Deezer,0,32
1923,DeezerEnjoyer,L'image est trop belle sur mon écran TCL,TCL,0,32
1926,DeezerEnjoyer,C'est quoi la musique d'attente ? sur Deezer ?,Deezer,0,32
1926,M8_Fan,Le stream bug non ?,None,0,32
1928,SyntaxError,Le stream bug non ?,None,0,32
1931,SyntaxError,TCL font des bêtes de télé en vrai,TCL,0,32
1934,TCL_Screen,Gg les gars !,None,0,32
1935,DeezerEnjoyer,M8 à la vie à la mort,None,1,32
1937,KCorp_Spy,Le stream bug non ?,None,0,32
1937,TCL_Screen,TCL font des bêtes de télé en vrai,TCL,0,32
1938,KCorp_Spy,#M8WIN #M8WIN #M8WIN,None,1,32
1939,AldiGamer,TCL font des bêtes de télé en vrai,TCL,0,32
1947,DeezerEnjoyer,L'image est trop belle sur mon écran TCL,TCL,0,32
1952,TCL_Screen,M8 domine complètement le match,None,1,32
1954,TCL_Screen,TCL font des bêtes de télé en vrai,TCL,0,32
1955,TCL_Screen,#M8WIN #M8WIN #M8WIN,None,1,32
1962,PlayerOne,Incroyable cette action de Gentle Mates !,None,1,32
1967,AldiGamer,C'est quoi la musique d'attente ? sur Deezer ?,Deezer,0,32
1967,EsportFan99,M8 domine complètement le match,None,1,32
1968,AldiGamer,Le stream bug non ?,None,0,32
1969,PlayerOne,ALDI c'est le meilleur sponsor !,ALDI,0,32
1971,EsportFan99,Allez les Bleus ! #M8WIN,None,1,32
1974,AldiGamer,Le son sur Deezer est lourd,Deezer,0,32
1974,KCorp_Spy,C'est quoi la musique d'attente ? sur Deezer ?,Deezer,0,32
1975,DeezerEnjoyer,TCL font des bêtes de télé en vrai,TCL,0,32
1979,EsportFan99,Allez les Bleus ! #M8WIN,None,1,32
1981,DeezerEnjoyer,M8 à la vie à la mort,None,1,33
1983,EsportFan99,Incroyable cette action de Gentle Mates !,None,1,33
1986,PlayerOne,Le stream bug non ?,None,0,33
1986,DeezerEnjoyer,C'est quoi la musique d'attente ? sur Deezer ?,Deezer,0,33
1987,LoL_Lover,#M8WIN #M8WIN #M8WIN,None,1,33
1990,SyntaxError,Gg les gars !,None,0,33
1991,EsportFan99,L'image est trop belle sur mon écran TCL,TCL,0,33
1991,TCL_Screen,Le son sur Deezer est lourd,Deezer,0,33
1993,SyntaxError,#M8WIN #M8WIN #M8WIN,None,1,33
1994,M8_Fan,#M8WIN #M8WIN #M8WIN,None,1,33
1996,TCL_Screen,M8 domine complètement le match,None,1,33
1998,EsportFan99,Gg les gars !,None,0,33
2002,SyntaxError,ALDI c'est le meilleur sponsor !,ALDI,0,33
2004,M8_Fan,Gg les gars !,None,0,33
2006,LoL_Lover,Le son sur Deezer est lourd,Deezer,0,33
2009,EsportFan99,TCL font des bêtes de télé en vrai,TCL,0,33
2010,DeezerEnjoyer,J'adore le maillot avec le logo ALDI,ALDI,0,33
2010,M8_Fan,TCL font des bêtes de télé en vrai,TCL,0,33
2011,KCorp_Spy,#M8WIN #M8WIN #M8WIN,None,1,33
2019,PlayerOne,J'adore le maillot avec le logo ALDI,ALDI,0,33
2021,EsportFan99,Gg les gars !,None,0,33
2023,DeezerEnjoyer,Le son sur Deezer est lourd,Deezer,0,33
2024,DeezerEnjoyer,Le son sur Deezer est lourd,Deezer,0,33
2025,AldiGamer,Allez les Bleus ! #M8WIN,None,1,33
2029,DeezerEnjoyer,Gg les gars !,None,0,33
2030,SyntaxError,Allez les Bleus ! #M8WIN,None,1,33
2032,EsportFan99,M8 domine complètement le match,None,1,33
2035,DeezerEnjoyer,M8 domine complètement le match,None,1,33
2039,M8_Fan,Gg les gars !,None,0,33
2042,M8_Fan,L'image est trop belle sur mon écran TCL,TCL,0,34
2043,LoL_Lover,L'image est trop belle sur mon écran TCL,TCL,0,34
2044,M8_Fan,M8 domine complètement le match,None,1,34
2045,SyntaxError,Incroyable cette action de Gentle Mates !,None,1,34
2046,LoL_Lover,Le son sur Deezer est lourd,Deezer,0,34
2048,EsportFan99,M8 à la vie à la mort,None,1,34
2052,KCorp_Spy,Le stream bug non ?,None,0,34
2056,M8_Fan,Incroyable cette action de Gentle Mates !,None,1,34
2057,PlayerOne,ALDI c'est le meilleur sponsor !,ALDI,0,34
2059,PlayerOne,Le stream bug non ?,None,0,34
2059,M8_Fan,M8 à la vie à la mort,None,1,34
2059,M8_Fan,Le stream bug non ?,None,0,34
2063,TCL_Screen,Le stream bug non ?,None,0,34
2063,SyntaxError,TCL font des bêtes de télé en vrai,TCL,0,34
2064,AldiGamer,C'est quoi la musique d'attente ? sur Deezer ?,Deezer,0,34
2068,TCL_Screen,Le son sur Deezer est lourd,Deezer,0,34
2068,AldiGamer,M8 domine complètement le match,None,1,34
2070,LoL_Lover,TCL font des bêtes de télé en vrai,TCL,0,34
2071,TCL_Screen,M8 domine complètement le match,None,1,34
2074,LoL_Lover,M8 à la vie à la mort,None,1,34
2075,TCL_Screen,J'adore le maillot avec le logo ALDI,ALDI,0,34
2079,PlayerOne,Mais non ?!? Quelle action !,None,0,34
2079,EsportFan99,Le son sur Deezer est lourd,Deezer,0,34
2085,DeezerEnjoyer,#M8WIN #M8WIN #M8WIN,None,1,34
2085,EsportFan99,Allez les Bleus ! #M8WIN,None,1,34
2086,TCL_Screen,Gg les gars !,None,0,34
2087,SyntaxError,Incroyable cette action de Gentle Mates !,None,1,34
2088,EsportFan99,Gg les gars !,None,0,34
2091,KCorp_Spy,Mais non ?!? Quelle action !,None,0,34
2092,EsportFan99,#M8WIN #M8WIN #M8WIN,None,1,34
2098,AldiGamer,Gg les gars !,None,0,34
2098,AldiGamer,ALDI c'est le meilleur sponsor !,ALDI,0,34
2099,M8_Fan,Mais non ?!? Quelle action !,None,0,34
2102,AldiGamer,Incroyable cette action de Gentle Mates !,None,1,35
2103,SyntaxError,TCL font des bêtes de télé en vrai,TCL,0,35
2103,AldiGamer,Mais non ?!? Quelle action !,None,0,35
2105,AldiGamer,Incroyable cette action de Gentle Mates !,None,1,35
2107,LoL_Lover,ALDI c'est le meilleur sponsor !,ALDI,0,35
2109,KCorp_Spy,Mais non ?!? Quelle action !,None,0,35
2110,KCorp_Spy,Le stream bug non ?,None,0,35
2111,KCorp_Spy,Incroyable cette action de Gentle Mates !,None,1,35
2114,TCL_Screen,#M8WIN #M8WIN #M8WIN,None,1,35
2115,PlayerOne,ALDI c'est le meilleur sponsor !,ALDI,0,35
2117,TCL_Screen,#M8WIN #M8WIN #M8WIN,None,1,35
2117,EsportFan99,Gg les gars !,None,0,35
2118,EsportFan99,L'image est trop belle sur mon écran TCL,TCL,0,35
2118,PlayerOne,ALDI c'est le meilleur sponsor !,ALDI,0,35
2119,KCorp_Spy,Incroyable cette action de Gentle Mates !,None,1,35
2122,SyntaxError,Incroyable cette action de Gentle Mates !,None,1,35
2126,LoL_Lover,Mais non ?!? Quelle action !,None,0,35
2127,KCorp_Spy,Mais non ?!? Quelle action !,None,0,35
2130,M8_Fan,Le son sur Deezer est lourd,Deezer,0,35
2130,TCL_Screen,Mais non ?!? Quelle action !,None,0,35
2130,LoL_Lover,Le stream bug non ?,None,0,35
2132,DeezerEnjoyer,Allez les Bleus ! #M8WIN,None,1,35
2134,PlayerOne,Le stream bug non ?,None,0,35
2137,LoL_Lover,L'image est trop belle sur mon écran TCL,TCL,0,35
2140,EsportFan99,Allez les Bleus ! #M8WIN,None,1,35
2140,M8_Fan,J'adore le maillot avec le logo ALDI,ALDI,0,35
2141,EsportFan99,J'adore le maillot avec le logo ALDI,ALDI,0,35
2142,TCL_Screen,ALDI c'est le meilleur sponsor !,ALDI,0,35
2143,LoL_Lover,J'adore le maillot avec le logo ALDI,ALDI,0,35
2147,LoL_Lover,M8 à la vie à la mort,None,1,35
2153,PlayerOne,Allez les Bleus ! #M8WIN,None,1,35
2154,AldiGamer,J'adore le maillot avec le logo ALDI,ALDI,0,35
2154,M8_Fan,Le son sur Deezer est lourd,Deezer,0,35
2157,M8_Fan,C'est quoi la musique d'attente ? sur Deezer ?,Deezer,0,35
2161,M8_Fan,Le stream bug non ?,None,0,36
2165,LoL_Lover,C'est quoi la musique d'attente ? sur Deezer ?,Deezer,0,36
2170,DeezerEnjoyer,L'image est trop belle sur mon écran TCL,TCL,0,36
2170,DeezerEnjoyer,Mais non ?!? Quelle action !,None,0,36
2172,DeezerEnjoyer,Mais non ?!? Quelle action !,None,0,36
2173,TCL_Screen,C'est quoi la musique d'attente ? sur Deezer ?,Deezer,0,36
2178,AldiGamer,M8 à la vie à la mort,None,1,36
2179,LoL_Lover,J'adore le maillot avec le logo ALDI,ALDI,0,36
2181,KCorp_Spy,C'est quoi la musique d'attente ? sur Deezer ?,Deezer,0,36
2182,M8_Fan,Le stream bug non ?,None,0,36
2187,LoL_Lover,Le son sur Deezer est lourd,Deezer,0,36
2189,EsportFan99,M8 à la vie à la mort,None,1,36
2191,EsportFan99,Mais non ?!? Quelle action !,None,0,36
2193,M8_Fan,Le stream bug non ?,None,0,36
2195,EsportFan99,C'est quoi la musique d'attente ? sur Deezer ?,Deezer,0,36
2195,TCL_Screen,Incroyable cette action de Gentle Mates !,None,1,36
2197,KCorp_Spy,M8 à la vie à la mort,None,1,36
2199,SyntaxError,Incroyable cette action de Gentle Mates !,None,1,36
2201,KCorp_Spy,M8 domine complètement le match,None,1,36
2201,LoL_Lover,Gg les gars !,None,0,36
2202,TCL_Screen,M8 domine complètement le match,None,1,36
2203,M8_Fan,Allez les Bleus ! #M8WIN,None,1,36
2204,LoL_Lover,J'adore le maillot avec le logo ALDI,ALDI,0,36
2205,M8_Fan,Incroyable cette action de Gentle Mates !,None,1,36
2207,KCorp_Spy,ALDI c'est le meilleur sponsor !,ALDI,0,36
2209,EsportFan99,TCL font des bêtes de télé en vrai,TCL,0,36
2210,DeezerEnjoyer,L'image est trop belle sur mon écran TCL,TCL,0,36
2215,M8_Fan,ALDI c'est le meilleur sponsor !,ALDI,0,36
2221,SyntaxError,Gg les gars !,None,0,37
2224,DeezerEnjoyer,#M8WIN #M8WIN #M8WIN,None,1,37
2224,TCL_Screen,Le son sur Deezer est lourd,Deezer,0,37
2229,AldiGamer,Allez les Bleus ! #M8WIN,None,1,37
2232,LoL_Lover,M8 domine complètement le match,None,1,37
2233,KCorp_Spy,C'est quoi la musique d'attente ? sur Deezer ?,Deezer,0,37
2234,LoL_Lover,ALDI c'est le meilleur sponsor !,ALDI,0,37
2235,EsportFan99,Mais non ?!? Quelle action !,None,0,37
2238,KCorp_Spy,Le stream bug non ?,None,0,37
2240,DeezerEnjoyer,Le stream bug non ?,None,0,37
2241,M8_Fan,Le son sur Deezer est lourd,Deezer,0,37
2243,KCorp_Spy,#M8WIN #M8WIN #M8WIN,None,1,37
2248,EsportFan99,Incroyable cette action de Gentle Mates !,None,1,37
2249,LoL_Lover,M8 à la vie à la mort,None,1,37
2251,KCorp_Spy,Le stream bug non ?,None,0,37
2253,LoL_Lover,TCL font des bêtes de télé en vrai,TCL,0,37
2255,SyntaxError,C'est quoi la musique d'attente ? sur Deezer ?,Deezer,0,37
2260,DeezerEnjoyer,TCL font des bêtes de télé en vrai,TCL,0,37
2262,LoL_Lover,Mais non ?!? Quelle action !,None,0,37
2265,LoL_Lover,Le stream bug non ?,None,0,37
2266,KCorp_Spy,Le son sur Deezer est lourd,Deezer,0,37
2271,LoL_Lover,Incroyable cette action de Gentle Mates !,None,1,37
2274,KCorp_Spy,Gg les gars !,None,0,37
2274,EsportFan99,L'image est trop belle sur mon écran TCL,TCL,0,37
2276,AldiGamer,C'est quoi la musique d'attente ? sur Deezer ?,Deezer,0,37
2281,AldiGamer,Gg les gars !,None,0,38
2283,KCorp_Spy,Mais non ?!? Quelle action !,None,0,38
2285,KCorp_Spy,J'adore le maillot avec le logo ALDI,ALDI,0,38
2285,SyntaxError,J'adore le maillot avec le logo ALDI,ALDI,0,38
2286,TCL_Screen,L'image est trop belle sur mon écran TCL,TCL,0,38
2287,M8_Fan,Le son sur Deezer est lourd,Deezer,0,38
2289,AldiGamer,Le son sur Deezer est lourd,Deezer,0,38
2293,TCL_Screen,Le stream bug non ?,None,0,38
2295,PlayerOne,Le son sur Deezer est lourd,Deezer,0,38
2297,LoL_Lover,M8 domine complètement le match,None,1,38
2297,SyntaxError,#M8WIN #M8WIN #M8WIN,None,1,38
2300,LoL_Lover,ALDI c'est le meilleur sponsor !,ALDI,0,38
2302,EsportFan99,ALDI c'est le meilleur sponsor !,ALDI,0,38
2306,PlayerOne,J'adore le maillot avec le logo ALDI,ALDI,0,38
2306,LoL_Lover,M8 domine complètement le match,None,1,38
2307,EsportFan99,TCL font des bêtes de télé en vrai,TCL,0,38
2308,M8_Fan,M8 domine complètement le match,None,1,38
2309,TCL_Screen,Le son sur Deezer est lourd,Deezer,0,38
2310,SyntaxError,L'image est trop belle sur mon écran TCL,TCL,0,38
2312,KCorp_Spy,Incroyable cette action de Gentle Mates !,None,1,38
2316,PlayerOne,C'est quoi la musique d'attente ? sur Deezer ?,Deezer,0,38
2316,SyntaxError,J'adore le maillot avec le logo ALDI,ALDI,0,38
2321,PlayerOne,Incroyable cette action de Gentle Mates !,None,1,38
2323,DeezerEnjoyer,M8 domine complètement le match,None,1,38
2323,DeezerEnjoyer,ALDI c'est le meilleur sponsor !,ALDI,0,38
2326,EsportFan99,Allez les Bleus ! #M8WIN,None,1,38
2326,M8_Fan,M8 à la vie à la mort,None,1,38
2330,M8_Fan,M8 à la vie à la mort,None,1,38
2330,PlayerOne,Allez les Bleus ! #M8WIN,None,1,38
2333,EsportFan99,Gg les gars !,None,0,38
2333,DeezerEnjoyer,C'est quoi la musique d'attente ? sur Deezer ?,Deezer,0,38
2334,LoL_Lover,J'adore le maillot avec le logo ALDI,ALDI,0,38
2336,LoL_Lover,Allez les Bleus ! #M8WIN,None,1,38
2337,KCorp_Spy,Incroyable cette action de Gentle Mates !,None,1,38
2338,M8_Fan,Incroyable cette action de Gentle Mates !,None,1,38
2338,M8_Fan,Incroyable cette action de Gentle Mates !,None,1,38
2345,LoL_Lover,L'image est trop belle sur mon écran TCL,TCL,0,39
2349,DeezerEnjoyer,J'adore le maillot avec le logo ALDI,ALDI,0,39
2350,DeezerEnjoyer,Le stream bug non ?,None,0,39
2351,EsportFan99,M8 domine complètement le match,None,1,39
2352,DeezerEnjoyer,M8 domine complètement le match,None,1,39
2353,PlayerOne,Allez les Bleus ! #M8WIN,None,1,39
2356,SyntaxError,#M8WIN #M8WIN #M8WIN,None,1,39
2360,DeezerEnjoyer,ALDI c'est le meilleur sponsor !,ALDI,0,39
2360,EsportFan99,Allez les Bleus ! #M8WIN,None,1,39
2361,EsportFan99,J'adore le maillot avec le logo ALDI,ALDI,0,39
2362,DeezerEnjoyer,ALDI c'est le meilleur sponsor !,ALDI,0,39
2362,M8_Fan,M8 à la vie à la mort,None,1,39
2362,KCorp_Spy,ALDI c'est le meilleur sponsor !,ALDI,0,39
2363,PlayerOne,J'adore le maillot avec le logo ALDI,ALDI,0,39
2364,TCL_Screen,L'image est trop belle sur mon écran TCL,TCL,0,39
2366,KCorp_Spy,#M8WIN #M8WIN #M8WIN,None,1,39
2366,EsportFan99,Mais non ?!? Quelle action !,None,0,39
2366,KCorp_Spy,J'adore le maillot avec le logo ALDI,ALDI,0,39
2369,TCL_Screen,Le stream bug non ?,None,0,39
2376,KCorp_Spy,Gg les gars !,None,0,39
2376,LoL_Lover,C'est quoi la musique d'attente ? sur Deezer ?,Deezer,0,39
2376,AldiGamer,Mais non ?!? Quelle action !,None,0,39
2376,M8_Fan,#M8WIN #M8WIN #M8WIN,None,1,39
2378,LoL_Lover,TCL font des bêtes de télé en vrai,TCL,0,39
2380,PlayerOne,TCL font des bêtes de télé en vrai,TCL,0,39
2380,M8_Fan,M8 à la vie à la mort,None,1,39
2386,DeezerEnjoyer,M8 à la vie à la mort,None,1,39
2389,TCL_Screen,J'adore le maillot avec le logo ALDI,ALDI,0,39
2390,TCL_Screen,J'adore le maillot avec le logo ALDI,ALDI,0,39
2393,SyntaxError,M8 domine complètement le match,None,1,39
2394,AldiGamer,J'adore le maillot avec le logo ALDI,ALDI,0,39
2395,LoL_Lover,TCL font des bêtes de télé en vrai,TCL,0,39
2396,EsportFan99,L'image est trop belle sur mon écran TCL,TCL,0,39
2396,M8_Fan,Mais non ?!? Quelle action !,None,0,39
2398,LoL_Lover,M8 domine complètement le match,None,1,39
2403,M8_Fan,Gg les gars !,None,0,40
2408,AldiGamer,M8 domine complètement le match,None,1,40
2414,LoL_Lover,TCL font des bêtes de télé en vrai,TCL,0,40
2415,EsportFan99,ALDI c'est le meilleur sponsor !,ALDI,0,40
2416,M8_Fan,L'image est trop belle sur mon écran TCL,TCL,0,40
2418,AldiGamer,J'adore le maillot avec le logo ALDI,ALDI,0,40
2421,EsportFan99,ALDI c'est le meilleur sponsor !,ALDI,0,40
2421,AldiGamer,#M8WIN #M8WIN #M8WIN,None,1,40
2425,KCorp_Spy,M8 domine complètement le match,None,1,40
2430,AldiGamer,ALDI c'est le meilleur sponsor !,ALDI,0,40
2432,DeezerEnjoyer,M8 à la vie à la mort,None,1,40
2437,M8_Fan,ALDI c'est le meilleur sponsor !,ALDI,0,40
2441,DeezerEnjoyer,Mais non ?!? Quelle action !,None,0,40
2447,SyntaxError,Gg les gars !,None,0,40
2449,SyntaxError,L'image est trop belle sur mon écran TCL,TCL,0,40
2449,KCorp_Spy,Le son sur Deezer est lourd,Deezer,0,40
2450,PlayerOne,C'est quoi la musique d'attente ? sur Deezer ?,Deezer,0,40
2452,M8_Fan,L'image est trop belle sur mon écran TCL,TCL,0,40
2452,EsportFan99,ALDI c'est le meilleur sponsor !,ALDI,0,40
2454,TCL_Screen,J'adore le maillot avec le logo ALDI,ALDI,0,40
2454,LoL_Lover,L'image est trop belle sur mon écran TCL,TCL,0,40
2457,M8_Fan,Allez les Bleus ! #M8WIN,None,1,40
2459,LoL_Lover,Allez les Bleus ! #M8WIN,None,1,40
2459,PlayerOne,Mais non ?!? Quelle action !,None,0,40
2460,DeezerEnjoyer,L'image est trop belle sur mon écran TCL,TCL,0,41
2461,LoL_Lover,TCL font des bêtes de télé en vrai,TCL,0,41
2463,EsportFan99,Allez les Bleus ! #M8WIN,None,1,41
2463,DeezerEnjoyer,Mais non ?!? Quelle action !,None,0,41
2465,TCL_Screen,TCL font des bêtes de télé en vrai,TCL,0,41
2466,TCL_Screen,TCL font des bêtes de télé en vrai,TCL,0,41
2470,EsportFan99,#M8WIN #M8WIN #M8WIN,None,1,41
2475,LoL_Lover,#M8WIN #M8WIN #M8WIN,None,1,41
2476,DeezerEnjoyer,Allez les Bleus ! #M8WIN,None,1,41
2480,KCorp_Spy,Incroyable cette action de Gentle Mates !,None,1,41
2480,AldiGamer,J'adore le maillot avec le logo ALDI,ALDI,0,41
2484,M8_Fan,C'est quoi la musique d'attente ? sur Deezer ?,Deezer,0,41
2485,KCorp_Spy,Le son sur Deezer est lourd,Deezer,0,41
2486,TCL_Screen,#M8WIN #M8WIN #M8WIN,None,1,41
2489,EsportFan99,Mais non ?!? Quelle action !,None,0,41
2496,LoL_Lover,TCL font des bêtes de télé en vrai,TCL,0,41
2497,LoL_Lover,Gg les gars !,None,0,41
2499,KCorp_Spy,Mais non ?!? Quelle action !,None,0,41
2499,EsportFan99,Le son sur Deezer est lourd,Deezer,0,41
2500,AldiGamer,Mais non ?!? Quelle action !,None,0,41
2501,KCorp_Spy,J'adore le maillot avec le logo ALDI,ALDI,0,41
2505,DeezerEnjoyer,M8 domine complètement le match,None,1,41
2507,KCorp_Spy,Le stream bug non ?,None,0,41
2510,M8_Fan,Le son sur Deezer est lourd,Deezer,0,41
2514,LoL_Lover,ALDI c'est le meilleur sponsor !,ALDI,0,41
2520,SyntaxError,Incroyable cette action de Gentle Mates !,None,1,42
2520,KCorp_Spy,C'est quoi la musique d'attente ? sur Deezer ?,Deezer,0,42
2521,EsportFan99,M8 à la vie à la mort,None,1,42
2526,DeezerEnjoyer,Le stream bug non ?,None,0,42
2526,EsportFan99,TCL font des bêtes de télé en vrai,TCL,0,42
2528,DeezerEnjoyer,Allez les Bleus ! #M8WIN,None,1,42
2528,AldiGamer,#M8WIN #M8WIN #M8WIN,None,1,42
2536,KCorp_Spy,Le stream bug non ?,None,0,42
2539,DeezerEnjoyer,Mais non ?!? Quelle action !,None,0,42
2541,M8_Fan,Incroyable cette action de Gentle Mates !,None,1,42
2544,DeezerEnjoyer,C'est quoi la musique d'attente ? sur Deezer ?,Deezer,0,42
2545,DeezerEnjoyer,Incroyable cette action de Gentle Mates !,None,1,42
2550,PlayerOne,Le stream bug non ?,None,0,42
2551,SyntaxError,C'est quoi la musique d'attente ? sur Deezer ?,Deezer,0,42
2553,PlayerOne,Allez les Bleus ! #M8WIN,None,1,42
2559,PlayerOne,Mais non ?!? Quelle action !,None,0,42
2562,M8_Fan,M8 à la vie à la mort,None,1,42
2563,LoL_Lover,M8 à la vie à la mort,None,1,42
2565,PlayerOne,#M8WIN #M8WIN #M8WIN,None,1,42
2565,AldiGamer,M8 à la vie à la mort,None,1,42
2568,AldiGamer,Mais non ?!? Quelle action !,None,0,42
2571,SyntaxError,J'adore le maillot avec le logo ALDI,ALDI,0,42
2573,SyntaxError,Allez les Bleus ! #M8WIN,None,1,42
2574,M8_Fan,Gg les gars !,None,0,42
2580,SyntaxError,C'est quoi la musique d'attente ? sur Deezer ?,Deezer,0,43
2584,M8_Fan,C'est quoi la musique d'attente ? sur Deezer ?,Deezer,0,43
2586,SyntaxError,Incroyable cette action de Gentle Mates !,None,1,43
2588,LoL_Lover,TCL font des bêtes de télé en vrai,TCL,0,43
2590,EsportFan99,C'est quoi la musique d'attente ? sur Deezer ?,Deezer,0,43
2590,KCorp_Spy,M8 domine complètement le match,None,1,43
2590,M8_Fan,Gg les gars !,None,0,43
2592,DeezerEnjoyer,Incroyable cette action de Gentle Mates !,None,1,43
2594,AldiGamer,TCL font des bêtes de télé en vrai,TCL,0,43
2595,EsportFan99,Le stream bug non ?,None,0,43
2595,DeezerEnjoyer,ALDI c'est le meilleur sponsor !,ALDI,0,43
2596,AldiGamer,Le son sur Deezer est lourd,Deezer,0,43
2599,LoL_Lover,Mais non ?!? Quelle action !,None,0,43
2602,DeezerEnjoyer,#M8WIN #M8WIN #M8WIN,None,1,43
2609,EsportFan99,Incroyable cette action de Gentle Mates !,None,1,43
2617,EsportFan99,C'est quoi la musique d'attente ? sur Deezer ?,Deezer,0,43
2621,AldiGamer,M8 à la vie à la mort,None,1,43
2627,SyntaxError,M8 domine complètement le match,None,1,43
2630,LoL_Lover,TCL font des bêtes de télé en vrai,TCL,0,43
2632,LoL_Lover,J'adore le maillot avec le logo ALDI,ALDI,0,43
2637,AldiGamer,ALDI c'est le meilleur sponsor !,ALDI,0,43
2648,DeezerEnjoyer,Incroyable cette action de Gentle Mates !,None,1,44
2648,DeezerEnjoyer,TCL font des bêtes de télé en vrai,TCL,0,44
2650,PlayerOne,#M8WIN #M8WIN #M8WIN,None,1,44
2650,M8_Fan,Allez les Bleus ! #M8WIN,None,1,44
2664,AldiGamer,ALDI c'est le meilleur sponsor !,ALDI,0,44
2668,M8_Fan,TCL font des bêtes de télé en vrai,TCL,0,44
2669,TCL_Screen,Mais non ?!? Quelle action !,None,0,44
2669,PlayerOne,#M8WIN #M8WIN #M8WIN,None,1,44
2672,DeezerEnjoyer,Allez les Bleus ! #M8WIN,None,1,44
2672,DeezerEnjoyer,C'est quoi la musique d'attente ? sur Deezer ?,Deezer,0,44
2673,SyntaxError,TCL font des bêtes de télé en vrai,TCL,0,44
2673,SyntaxError,Gg les gars !,None,0,44
2676,KCorp_Spy,L'image est trop belle sur mon écran TCL,TCL,0,44
2676,AldiGamer,#M8WIN #M8WIN #M8WIN,None,1,44
2676,TCL_Screen,C'est quoi la musique d'attente ? sur Deezer ?,Deezer,0,44
2678,M8_Fan,Mais non ?!? Quelle action !,None,0,44
2679,EsportFan99,M8 domine complètement le match,None,1,44
2682,AldiGamer,Le son sur Deezer est lourd,Deezer,0,44
2685,LoL_Lover,Incroyable cette action de Gentle Mates !,None,1,44
2685,DeezerEnjoyer,L'image est trop belle sur mon écran TCL,TCL,0,44
2688,DeezerEnjoyer,Gg les gars !,None,0,44
2692,SyntaxError,TCL font des bêtes de télé en vrai,TCL,0,44
2696,PlayerOne,Gg les gars !,None,0,44
2696,LoL_Lover,Allez les Bleus ! #M8WIN,None,1,44
2706,EsportFan99,M8 à la vie à la mort,None,1,45
2709,TCL_Screen,Gg les gars !,None,0,45
2709,KCorp_Spy,Gg les gars !,None,0,45
2713,TCL_Screen,L'image est trop belle sur mon écran TCL,TCL,0,45
2715,SyntaxError,Le son sur Deezer est lourd,Deezer,0,45
2717,M8_Fan,Incroyable cette action de Gentle Mates !,None,1,45
2722,EsportFan99,Le son sur Deezer est lourd,Deezer,0,45
2723,LoL_Lover,M8 à la vie à la mort,None,1,45
2724,TCL_Screen,C'est quoi la musique d'attente ? sur Deezer ?,Deezer,0,45
2730,EsportFan99,Allez les Bleus ! #M8WIN,None,1,45
2731,EsportFan99,J'adore le maillot avec le logo ALDI,ALDI,0,45
2738,AldiGamer,M8 domine complètement le match,None,1,45
2741,SyntaxError,M8 domine complètement le match,None,1,45
2741,KCorp_Spy,M8 domine complètement le match,None,1,45
2741,KCorp_Spy,Le son sur Deezer est lourd,Deezer,0,45
2747,M8_Fan,Mais non ?!? Quelle action !,None,0,45
2748,M8_Fan,L'image est trop belle sur mon écran TCL,TCL,0,45
2755,LoL_Lover,Allez les Bleus ! #M8WIN,None,1,45
2755,LoL_Lover,Allez les Bleus ! #M8WIN,None,1,45
2757,KCorp_Spy,C'est quoi la musique d'attente ? sur Deezer ?,Deezer,0,45
2758,KCorp_Spy,Mais non ?!? Quelle action !,None,0,45
2767,DeezerEnjoyer,ALDI c'est le meilleur sponsor !,ALDI,0,46
2772,M8_Fan,Le son sur Deezer est lourd,Deezer,0,46
2775,EsportFan99,Mais non ?!? Quelle action !,None,0,46
2776,LoL_Lover,Mais non ?!? Quelle action !,None,0,46
2777,SyntaxError,M8 domine complètement le match,None,1,46
2777,TCL_Screen,Le stream bug non ?,None,0,46
2780,AldiGamer,M8 domine complètement le match,None,1,46
2783,EsportFan99,C'est quoi la musique d'attente ? sur Deezer ?,Deezer,0,46
2784,DeezerEnjoyer,TCL font des bêtes de télé en vrai,TCL,0,46
2786,KCorp_Spy,Incroyable cette action de Gentle Mates !,None,1,46
2787,PlayerOne,Incroyable cette action de Gentle Mates !,None,1,46
2788,TCL_Screen,#M8WIN #M8WIN #M8WIN,None,1,46
2791,SyntaxError,#M8WIN #M8WIN #M8WIN,None,1,46
2791,PlayerOne,Le son sur Deezer est lourd,Deezer,0,46
2792,M8_Fan,TCL font des bêtes de télé en vrai,TCL,0,46
2793,LoL_Lover,#M8WIN #M8WIN #M8WIN,None,1,46
2794,AldiGamer,C'est quoi la musique d'attente ? sur Deezer ?,Deezer,0,46
2796,LoL_Lover,M8 domine complètement le match,None,1,46
2797,EsportFan99,Gg les gars !,None,0,46
2801,KCorp_Spy,Le stream bug non ?,None,0,46
2804,M8_Fan,Le son sur Deezer est lourd,Deezer,0,46
2814,TCL_Screen,#M8WIN #M8WIN #M8WIN,None,1,46
2817,AldiGamer,Le son sur Deezer est lourd,Deezer,0,46
2818,KCorp_Spy,C'est quoi la musique d'attente ? sur Deezer ?,Deezer,0,46
2819,DeezerEnjoyer,TCL font des bêtes de télé en vrai,TCL,0,46
2820,TCL_Screen,J'adore le maillot avec le logo ALDI,ALDI,0,47
2823,M8_Fan,ALDI c'est le meilleur sponsor !,ALDI,0,47
2823,TCL_Screen,ALDI c'est le meilleur sponsor !,ALDI,0,47
2824,DeezerEnjoyer,Mais non ?!? Quelle action !,None,0,47
2825,TCL_Screen,ALDI c'est le meilleur sponsor !,ALDI,0,47
2826,SyntaxError,M8 à la vie à la mort,None,1,47
2826,EsportFan99,M8 domine complètement le match,None,1,47
2830,SyntaxError,Mais non ?!? Quelle action !,None,0,47
2833,EsportFan99,Le stream bug non ?,None,0,47
2835,M8_Fan,Le son sur Deezer est lourd,Deezer,0,47
2837,KCorp_Spy,Mais non ?!? Quelle action !,None,0,47
2838,SyntaxError,J'adore le maillot avec le logo ALDI,ALDI,0,47
2839,DeezerEnjoyer,Le stream bug non ?,None,0,47
2851,PlayerOne,ALDI c'est le meilleur sponsor !,ALDI,0,47
2852,AldiGamer,M8 à la vie à la mort,None,1,47
2853,KCorp_Spy,Le son sur Deezer est lourd,Deezer,0,47
2856,PlayerOne,Le son sur Deezer est lourd,Deezer,0,47
2858,KCorp_Spy,ALDI c'est le meilleur sponsor !,ALDI,0,47
2867,DeezerEnjoyer,Gg les gars !,None,0,47
2868,LoL_Lover,Incroyable cette action de Gentle Mates !,None,1,47
2870,SyntaxError,Le stream bug non ?,None,0,47
2870,KCorp_Spy,Le stream bug non ?,None,0,47
2875,AldiGamer,Mais non ?!? Quelle action !,None,0,47
2875,TCL_Screen,M8 à la vie à la mort,None,1,47
2876,LoL_Lover,M8 domine complètement le match,None,1,47
2887,AldiGamer,Incroyable cette action de Gentle Mates !,None,1,48
2888,SyntaxError,TCL font des bêtes de télé en vrai,TCL,0,48
2890,DeezerEnjoyer,M8 à la vie à la mort,None,1,48
2890,LoL_Lover,Le son sur Deezer est lourd,Deezer,0,48
2891,SyntaxError,Incroyable cette action de Gentle Mates !,None,1,48
2892,TCL_Screen,Incroyable cette action de Gentle Mates !,None,1,48
2892,DeezerEnjoyer,C'est quoi la musique d'attente ? sur Deezer ?,Deezer,0,48
2899,M8_Fan,L'image est trop belle sur mon écran TCL,TCL,0,48
2903,LoL_Lover,C'est quoi la musique d'attente ? sur Deezer ?,Deezer,0,48
2904,LoL_Lover,TCL font des bêtes de télé en vrai,TCL,0,48
2904,LoL_Lover,M8 à la vie à la mort,None,1,48
2904,TCL_Screen,Le son sur Deezer est lourd,Deezer,0,48
2908,M8_Fan,C'est quoi la musique d'attente ? sur Deezer ?,Deezer,0,48
2908,KCorp_Spy,#M8WIN #M8WIN #M8WIN,None,1,48
2911,DeezerEnjoyer,ALDI c'est le meilleur sponsor !,ALDI,0,48
2912,PlayerOne,C'est quoi la musique d'attente ? sur Deezer ?,Deezer,0,48
2913,TCL_Screen,L'image est trop belle sur mon écran TCL,TCL,0,48
2913,PlayerOne,Gg les gars !,None,0,48
2913,SyntaxError,ALDI c'est le meilleur sponsor !,ALDI,0,48
2915,AldiGamer,M8 domine complètement le match,None,1,48
2916,SyntaxError,#M8WIN #M8WIN #M8WIN,None,1,48
2917,M8_Fan,Gg les gars !,None,0,48
2917,EsportFan99,L'image est trop belle sur mon écran TCL,TCL,0,48
2918,PlayerOne,Incroyable cette action de Gentle Mates !,None,1,48
2927,PlayerOne,M8 domine complètement le match,None,1,48
2930,EsportFan99,Le stream bug non ?,None,0,48
2930,M8_Fan,Le stream bug non ?,None,0,48
2931,KCorp_Spy,C'est quoi la musique d'attente ? sur Deezer ?,Deezer,0,48
2934,DeezerEnjoyer,Gg les gars !,None,0,48
2938,EsportFan99,#M8WIN #M8WIN #M8WIN,None,1,48
2943,PlayerOne,Gg les gars !,None,0,49
2944,PlayerOne,Le son sur Deezer est lourd,Deezer,0,49
2948,M8_Fan,J'adore le maillot avec le logo ALDI,ALDI,0,49
2950,TCL_Screen,J'adore le maillot avec le logo ALDI,ALDI,0,49
2952,TCL_Screen,TCL font des bêtes de télé en vrai,TCL,0,49
2952,EsportFan99,ALDI c'est le meilleur sponsor !,ALDI,0,49
2955,LoL_Lover,Le stream bug non ?,None,0,49
2959,SyntaxError,Le stream bug non ?,None,0,49
2966,EsportFan99,L'image est trop belle sur mon écran TCL,TCL,0,49
2967,DeezerEnjoyer,M8 à la vie à la mort,None,1,49
2968,TCL_Screen,L'image est trop belle sur mon écran TCL,TCL,0,49
2976,PlayerOne,Gg les gars !,None,0,49
2976,AldiGamer,Le stream bug non ?,None,0,49
2980,SyntaxError,ALDI c'est le meilleur sponsor !,ALDI,0,49
2986,M8_Fan,#M8WIN #M8WIN #M8WIN,None,1,49
2997,KCorp_Spy,ALDI c'est le meilleur sponsor !,ALDI,0,49
2998,PlayerOne,L'image est trop belle sur mon écran TCL,TCL,0,49
2998,DeezerEnjoyer,C'est quoi la musique d'attente ? sur Deezer ?,Deezer,0,49
3000,PlayerOne,C'est quoi la musique d'attente ? sur Deezer ?,Deezer,0,50
3001,DeezerEnjoyer,Le son sur Deezer est lourd,Deezer,0,50
3010,AldiGamer,L'image est trop belle sur mon écran TCL,TCL,0,50
3010,AldiGamer,Mais non ?!? Quelle action !,None,0,50
3016,DeezerEnjoyer,Mais non ?!? Quelle action !,None,0,50
3018,PlayerOne,M8 à la vie à la mort,None,1,50
3022,PlayerOne,Allez les Bleus ! #M8WIN,None,1,50
3022,LoL_Lover,TCL font des bêtes de télé en vrai,TCL,0,50
3023,EsportFan99,Incroyable cette action de Gentle Mates !,None,1,50
3024,KCorp_Spy,M8 domine complètement le match,None,1,50
3025,M8_Fan,C'est quoi la musique d'attente ? sur Deezer ?,Deezer,0,50
3026,SyntaxError,M8 domine complètement le match,None,1,50
3027,M8_Fan,C'est quoi la musique d'attente ? sur Deezer ?,Deezer,0,50
3029,KCorp_Spy,#M8WIN #M8WIN #M8WIN,None,1,50
3035,PlayerOne,L'image est trop belle sur mon écran TCL,TCL,0,50
3038,AldiGamer,ALDI c'est le meilleur sponsor !,ALDI,0,50
3038,KCorp_Spy,M8 domine complètement le match,None,1,50
3039,SyntaxError,Gg les gars !,None,0,50
3040,EsportFan99,J'adore le maillot avec le logo ALDI,ALDI,0,50
3040,TCL_Screen,Le son sur Deezer est lourd,Deezer,0,50
3040,DeezerEnjoyer,Le son sur Deezer est lourd,Deezer,0,50
3041,LoL_Lover,Allez les Bleus ! #M8WIN,None,1,50
3043,M8_Fan,M8 domine complètement le match,None,1,50
3044,KCorp_Spy,M8 à la vie à la mort,None,1,50
3046,EsportFan99,C'est quoi la musique d'attente ? sur Deezer ?,Deezer,0,50
3050,TCL_Screen,L'image est trop belle sur mon écran TCL,TCL,0,50
3051,TCL_Screen,Mais non ?!? Quelle action !,None,0,50
3051,EsportFan99,TCL font des bêtes de télé en vrai,TCL,0,50
3055,AldiGamer,M8 à la vie à la mort,None,1,50
3055,DeezerEnjoyer,C'est quoi la musique d'attente ? sur Deezer ?,Deezer,0,50
3057,DeezerEnjoyer,Allez les Bleus ! #M8WIN,None,1,50
3057,KCorp_Spy,M8 domine complètement le match,None,1,50
3059,DeezerEnjoyer,ALDI c'est le meilleur sponsor !,ALDI,0,50
3061,DeezerEnjoyer,M8 à la vie à la mort,None,1,51
3062,EsportFan99,Le stream bug non ?,None,0,51
3064,M8_Fan,Gg les gars !,None,0,51
3065,KCorp_Spy,TCL font des bêtes de télé en vrai,TCL,0,51
3066,LoL_Lover,Gg les gars !,None,0,51
3066,EsportFan99,#M8WIN #M8WIN #M8WIN,None,1,51
3072,PlayerOne,M8 à la vie à la mort,None,1,51
3075,SyntaxError,ALDI c'est le meilleur sponsor !,ALDI,0,51
3077,DeezerEnjoyer,Mais non ?!? Quelle action !,None,0,51
3078,SyntaxError,L'image est trop belle sur mon écran TCL,TCL,0,51
3078,AldiGamer,TCL font des bêtes de télé en vrai,TCL,0,51
3080,LoL_Lover,M8 domine complètement le match,None,1,51
3081,DeezerEnjoyer,Gg les gars !,None,0,51
3085,EsportFan99,J'adore le maillot avec le logo ALDI,ALDI,0,51
3086,SyntaxError,J'adore le maillot avec le logo ALDI,ALDI,0,51
3089,KCorp_Spy,Allez les Bleus ! #M8WIN,None,1,51
3089,TCL_Screen,C'est quoi la musique d'attente ? sur Deezer ?,Deezer,0,51
3091,KCorp_Spy,L'image est trop belle sur mon écran TCL,TCL,0,51
3099,PlayerOne,Allez les Bleus ! #M8WIN,None,1,51
3099,EsportFan99,C'est quoi la musique d'attente ? sur Deezer ?,Deezer,0,51
3100,KCorp_Spy,Le stream bug non ?,None,0,51
3101,EsportFan99,J'adore le maillot avec le logo ALDI,ALDI,0,51
3106,AldiGamer,M8 domine complètement le match,None,1,51
3107,PlayerOne,Mais non ?!? Quelle action !,None,0,51
3113,AldiGamer,L'image est trop belle sur mon écran TCL,TCL,0,51
3116,SyntaxError,ALDI c'est le meilleur sponsor !,ALDI,0,51
3117,TCL_Screen,Le stream bug non ?,None,0,51
3118,M8_Fan,Mais non ?!? Quelle action !,None,0,51
3120,EsportFan99,Incroyable cette action de Gentle Mates !,None,1,52
3122,M8_Fan,L'image est trop belle sur mon écran TCL,TCL,0,52
3128,TCL_Screen,L'image est trop belle sur mon écran TCL,TCL,0,52
3131,KCorp_Spy,C'est quoi la musique d'attente ? sur Deezer ?,Deezer,0,52
3133,DeezerEnjoyer,Le son sur Deezer est lourd,Deezer,0,52
3137,LoL_Lover,M8 domine complètement le match,None,1,52
3139,KCorp_Spy,Gg les gars !,None,0,52
3142,TCL_Screen,M8 à la vie à la mort,None,1,52
3142,TCL_Screen,J'adore le maillot avec le logo ALDI,ALDI,0,52
3143,LoL_Lover,Mais non ?!? Quelle action !,None,0,52
3144,M8_Fan,Gg les gars !,None,0,52
3146,PlayerOne,TCL font des bêtes de télé en vrai,TCL,0,52
3150,SyntaxError,Le stream bug non ?,None,0,52
3151,M8_Fan,M8 à la vie à la mort,None,1,52
3152,LoL_Lover,#M8WIN #M8WIN #M8WIN,None,1,52
3154,TCL_Screen,M8 à la vie à la mort,None,1,52
3154,TCL_Screen,Allez les Bleus ! #M8WIN,None,1,52
3160,LoL_Lover,L'image est trop belle sur mon écran TCL,TCL,0,52
3161,KCorp_Spy,M8 à la vie à la mort,None,1,52
3164,SyntaxError,Incroyable cette action de Gentle Mates !,None,1,52
3167,EsportFan99,Le son sur Deezer est lourd,Deezer,0,52
3167,PlayerOne,L'image est trop belle sur mon écran TCL,TCL,0,52
3167,AldiGamer,Incroyable cette action de Gentle Mates !,None,1,52
3168,EsportFan99,TCL font des bêtes de télé en vrai,TCL,0,52
3171,EsportFan99,#M8WIN #M8WIN #M8WIN,None,1,52
3172,SyntaxError,M8 à la vie à la mort,None,1,52
3175,AldiGamer,M8 domine complètement le match,None,1,52
3177,M8_Fan,TCL font des bêtes de télé en vrai,TCL,0,52
3178,PlayerOne,C'est quoi la musique d'attente ? sur Deezer ?,Deezer,0,52
3183,LoL_Lover,Incroyable cette action de Gentle Mates !,None,1,53
3183,M8_Fan,Le stream bug non ?,None,0,53
3186,TCL_Screen,Le stream bug non ?,None,0,53
3189,DeezerEnjoyer,M8 domine complètement le match,None,1,53
3194,DeezerEnjoyer,L'image est trop belle sur mon écran TCL,TCL,0,53
3198,SyntaxError,M8 domine complètement le match,None,1,53
3199,AldiGamer,Gg les gars !,None,0,53
3199,LoL_Lover,TCL font des bêtes de télé en vrai,TCL,0,53
3201,SyntaxError,ALDI c'est le meilleur sponsor !,ALDI,0,53
3201,LoL_Lover,Gg les gars !,None,0,53
3208,M8_Fan,TCL font des bêtes de télé en vrai,TCL,0,53
3214,LoL_Lover,ALDI c'est le meilleur sponsor !,ALDI,0,53
3214,DeezerEnjoyer,Mais non ?!? Quelle action !,None,0,53
3214,TCL_Screen,#M8WIN #M8WIN #M8WIN,None,1,53
3222,EsportFan99,#M8WIN #M8WIN #M8WIN,None,1,53
3222,EsportFan99,M8 à la vie à la mort,None,1,53
3223,EsportFan99,Le son sur Deezer est lourd,Deezer,0,53
3225,EsportFan99,L'image est trop belle sur mon écran TCL,TCL,0,53
3228,PlayerOne,Le stream bug non ?,None,0,53
3230,SyntaxError,M8 domine complètement le match,None,1,53
3231,PlayerOne,TCL font des bêtes de télé en vrai,TCL,0,53
3232,PlayerOne,Mais non ?!? Quelle action !,None,0,53
3236,KCorp_Spy,TCL font des bêtes de télé en vrai,TCL,0,53
3243,DeezerEnjoyer,M8 à la vie à la mort,None,1,54
3246,LoL_Lover,J'adore le maillot avec le logo ALDI,ALDI,0,54
3248,KCorp_Spy,Le stream bug non ?,None,0,54
3249,AldiGamer,Le son sur Deezer est lourd,Deezer,0,54
3252,SyntaxError,Mais non ?!? Quelle action !,None,0,54
3252,EsportFan99,L'image est trop belle sur mon écran TCL,TCL,0,54
3252,M8_Fan,Gg les gars !,None,0,54
3256,KCorp_Spy,#M8WIN #M8WIN #M8WIN,None,1,54
3261,M8_Fan,J'adore le maillot avec le logo ALDI,ALDI,0,54
3267,DeezerEnjoyer,J'adore le maillot avec le logo ALDI,ALDI,0,54
3267,DeezerEnjoyer,M8 à la vie à la mort,None,1,54
3269,AldiGamer,Le stream bug non ?,None,0,54
3270,EsportFan99,Mais non ?!? Quelle action !,None,0,54
3271,M8_Fan,TCL font des bêtes de télé en vrai,TCL,0,54
3274,M8_Fan,Allez les Bleus ! #M8WIN,None,1,54
3275,KCorp_Spy,TCL font des bêtes de télé en vrai,TCL,0,54
3276,M8_Fan,Mais non ?!? Quelle action !,None,0,54
3277,EsportFan99,L'image est trop belle sur mon écran TCL,TCL,0,54
3280,AldiGamer,Le son sur Deezer est lourd,Deezer,0,54
3284,TCL_Screen,L'image est trop belle sur mon écran TCL,TCL,0,54
3287,DeezerEnjoyer,M8 à la vie à la mort,None,1,54
3289,KCorp_Spy,#M8WIN #M8WIN #M8WIN,None,1,54
3290,M8_Fan,Incroyable cette action de Gentle Mates !,None,1,54
3294,EsportFan99,Incroyable cette action de Gentle Mates !,None,1,54
3296,EsportFan99,Le stream bug non ?,None,0,54
3297,LoL_Lover,Le stream bug non ?,None,0,54
3298,AldiGamer,L'image est trop belle sur mon écran TCL,TCL,0,54
3300,SyntaxError,J'adore le maillot avec le logo ALDI,ALDI,0,55
3302,KCorp_Spy,Incroyable cette action de Gentle Mates !,None,1,55
3307,DeezerEnjoyer,Allez les Bleus ! #M8WIN,None,1,55
3308,PlayerOne,#M8WIN #M8WIN #M8WIN,None,1,55
3311,PlayerOne,Le son sur Deezer est lourd,Deezer,0,55
3313,AldiGamer,M8 domine complètement le match,None,1,55
3314,EsportFan99,#M8WIN #M8WIN #M8WIN,None,1,55
3317,LoL_Lover,Mais non ?!? Quelle action !,None,0,55
3317,M8_Fan,TCL font des bêtes de télé en vrai,TCL,0,55
3318,SyntaxError,Gg les gars !,None,0,55
3318,PlayerOne,Incroyable cette action de Gentle Mates !,None,1,55
3320,PlayerOne,TCL font des bêtes de télé en vrai,TCL,0,55
3321,TCL_Screen,M8 domine complètement le match,None,1,55
3326,PlayerOne,ALDI c'est le meilleur sponsor !,ALDI,0,55
3327,AldiGamer,Mais non ?!? Quelle action !,None,0,55
3329,KCorp_Spy,ALDI c'est le meilleur sponsor !,ALDI,0,55
3331,M8_Fan,Gg les gars !,None,0,55
3331,SyntaxError,#M8WIN #M8WIN #M8WIN,None,1,55
3331,LoL_Lover,M8 à la vie à la mort,None,1,55
3333,DeezerEnjoyer,Le son sur Deezer est lourd,Deezer,0,55
3334,AldiGamer,TCL font des bêtes de télé en vrai,TCL,0,55
3335,TCL_Screen,M8 à la vie à la mort,None,1,55
3345,EsportFan99,Incroyable cette action de Gentle Mates !,None,1,55
3345,TCL_Screen,J'adore le maillot avec le logo ALDI,ALDI,0,55
3360,LoL_Lover,#M8WIN #M8WIN #M8WIN,None,1,56
3362,EsportFan99,#M8WIN #M8WIN #M8WIN,None,1,56
3362,TCL_Screen,ALDI c'est le meilleur sponsor !,ALDI,0,56
3365,PlayerOne,L'image est trop belle sur mon écran TCL,TCL,0,56
3368,KCorp_Spy,ALDI c'est le meilleur sponsor !,ALDI,0,56
3368,TCL_Screen,M8 domine complètement le match,None,1,56
3372,DeezerEnjoyer,Incroyable cette action de Gentle Mates !,None,1,56
3375,KCorp_Spy,Le stream bug non ?,None,0,56
3376,AldiGamer,L'image est trop belle sur mon écran TCL,TCL,0,56
3377,SyntaxError,M8 domine complètement le match,None,1,56
3377,PlayerOne,C'est quoi la musique d'attente ? sur Deezer ?,Deezer,0,56
3378,LoL_Lover,M8 à la vie à la mort,None,1,56
3382,LoL_Lover,#M8WIN #M8WIN #M8WIN,None,1,56
3384,KCorp_Spy,TCL font des bêtes de télé en vrai,TCL,0,56
3386,M8_Fan,Incroyable cette action de Gentle Mates !,None,1,56
3387,SyntaxError,J'adore le maillot avec le logo ALDI,ALDI,0,56
3388,DeezerEnjoyer,ALDI c'est le meilleur sponsor !,ALDI,0,56
3391,TCL_Screen,C'est quoi la musique d'attente ? sur Deezer ?,Deezer,0,56
3393,EsportFan99,Le stream bug non ?,None,0,56
3393,LoL_Lover,TCL font des bêtes de télé en vrai,TCL,0,56
3393,SyntaxError,TCL font des bêtes de télé en vrai,TCL,0,56
3398,M8_Fan,L'image est trop belle sur mon écran TCL,TCL,0,56
3401,KCorp_Spy,Le stream bug non ?,None,0,56
3403,SyntaxError,Mais non ?!? Quelle action !,None,0,56
3405,SyntaxError,Le son sur Deezer est lourd,Deezer,0,56
3405,EsportFan99,Le stream bug non ?,None,0,56
3410,TCL_Screen,Mais non ?!? Quelle action !,None,0,56
3415,TCL_Screen,Incroyable cette action de Gentle Mates !,None,1,56
3420,EsportFan99,M8 à la vie à la mort,None,1,57
3421,KCorp_Spy,Incroyable cette action de Gentle Mates !,None,1,57
3421,PlayerOne,Incroyable cette action de Gentle Mates !,None,1,57
3424,SyntaxError,C'est quoi la musique d'attente ? sur Deezer ?,Deezer,0,57
3424,PlayerOne,ALDI c'est le meilleur sponsor !,ALDI,0,57
3425,PlayerOne,#M8WIN #M8WIN #M8WIN,None,1,57
3427,EsportFan99,M8 domine complètement le match,None,1,57
3430,AldiGamer,M8 à la vie à la mort,None,1,57
3432,LoL_Lover,M8 domine complètement le match,None,1,57
3439,PlayerOne,Allez les Bleus ! #M8WIN,None,1,57
3457,PlayerOne,Gg les gars !,None,0,57
3457,LoL_Lover,J'adore le maillot avec le logo ALDI,ALDI,0,57
3458,LoL_Lover,TCL font des bêtes de télé en vrai,TCL,0,57
3460,TCL_Screen,J'adore le maillot avec le logo ALDI,ALDI,0,57
3461,PlayerOne,J'adore le maillot avec le logo ALDI,ALDI,0,57
3463,M8_Fan,Le son sur Deezer est lourd,Deezer,0,57
3464,TCL_Screen,Gg les gars !,None,0,57
3466,DeezerEnjoyer,TCL font des bêtes de télé en vrai,TCL,0,57
3468,M8_Fan,TCL font des bêtes de télé en vrai,TCL,0,57
3470,SyntaxError,#M8WIN #M8WIN #M8WIN,None,1,57
3473,PlayerOne,Le son sur Deezer est lourd,Deezer,0,57
3474,SyntaxError,Allez les Bleus ! #M8WIN,None,1,57
3476,DeezerEnjoyer,C'est quoi la musique d'attente ? sur Deezer ?,Deezer,0,57
3480,DeezerEnjoyer,Gg les gars !,None,0,58
3485,EsportFan99,Mais non ?!? Quelle action !,None,0,58
3488,EsportFan99,J'adore le maillot avec le logo ALDI,ALDI,0,58
3490,TCL_Screen,#M8WIN #M8WIN #M8WIN,None,1,58
3490,AldiGamer,M8 à la vie à la mort,None,1,58
3496,EsportFan99,Gg les gars !,None,0,58
3497,DeezerEnjoyer,TCL font des bêtes de télé en vrai,TCL,0,58
3498,KCorp_Spy,M8 domine complètement le match,None,1,58
3501,LoL_Lover,TCL font des bêtes de télé en vrai,TCL,0,58
3504,M8_Fan,Allez les Bleus ! #M8WIN,None,1,58
3507,LoL_Lover,Gg les gars !,None,0,58
3509,M8_Fan,L'image est trop belle sur mon écran TCL,TCL,0,58
3511,TCL_Screen,L'image est trop belle sur mon écran TCL,TCL,0,58
3512,EsportFan99,L'image est trop belle sur mon écran TCL,TCL,0,58
3512,PlayerOne,Incroyable cette action de Gentle Mates !,None,1,58
3515,DeezerEnjoyer,C'est quoi la musique d'attente ? sur Deezer ?,Deezer,0,58
3515,M8_Fan,Incroyable cette action de Gentle Mates !,None,1,58
3519,PlayerOne,L'image est trop belle sur mon écran TCL,TCL,0,58
3521,EsportFan99,Le stream bug non ?,None,0,58
3522,LoL_Lover,J'adore le maillot avec le logo ALDI,ALDI,0,58
3524,SyntaxError,Incroyable cette action de Gentle Mates !,None,1,58
3525,SyntaxError,Le stream bug non ?,None,0,58
3526,TCL_Screen,J'adore le maillot avec le logo ALDI,ALDI,0,58
3534,PlayerOne,Gg les gars !,None,0,58
3536,LoL_Lover,TCL font des bêtes de télé en vrai,TCL,0,58
3536,M8_Fan,Le son sur Deezer est lourd,Deezer,0,58
3537,EsportFan99,Mais non ?!? Quelle action !,None,0,58
3537,EsportFan99,Mais non ?!? Quelle action !,None,0,58
3543,M8_Fan,Allez les Bleus ! #M8WIN,None,1,59
3547,TCL_Screen,TCL font des bêtes de télé en vrai,TCL,0,59
3548,EsportFan99,#M8WIN #M8WIN #M8WIN,None,1,59
3550,TCL_Screen,M8 domine complètement le match,None,1,59
3550,PlayerOne,J'adore le maillot avec le logo ALDI,ALDI,0,59
3554,SyntaxError,J'adore le maillot avec le logo ALDI,ALDI,0,59
3554,M8_Fan,C'est quoi la musique d'attente ? sur Deezer ?,Deezer,0,59
3560,SyntaxError,Mais non ?!? Quelle action !,None,0,59
3563,AldiGamer,TCL font des bêtes de télé en vrai,TCL,0,59
3564,PlayerOne,Le son sur Deezer est lourd,Deezer,0,59
3566,PlayerOne,C'est quoi la musique d'attente ? sur Deezer ?,Deezer,0,59
3571,AldiGamer,Le stream bug non ?,None,0,59
3573,PlayerOne,M8 domine complètement le match,None,1,59
3578,AldiGamer,ALDI c'est le meilleur sponsor !,ALDI,0,59
3579,EsportFan99,L'image est trop belle sur mon écran TCL,TCL,0,59
3581,DeezerEnjoyer,Gg les gars !,None,0,59
3586,LoL_Lover,Le son sur Deezer est lourd,Deezer,0,59
3588,PlayerOne,C'est quoi la musique d'attente ? sur Deezer ?,Deezer,0,59
3588,TCL_Screen,Mais non ?!? Quelle action !,None,0,59
3595,PlayerOne,Mais non ?!? Quelle action !,None,0,59
3597,EsportFan99,Mais non ?!? Quelle action !,None,0,59
3598,EsportFan99,J'adore le maillot avec le logo ALDI,ALDI,0,59
3602,LoL_Lover,Le son sur Deezer est lourd,Deezer,0,60
3603,LoL_Lover,M8 à la vie à la mort,None,1,60
3606,PlayerOne,Allez les Bleus ! #M8WIN,None,1,60
3611,AldiGamer,Mais non ?!? Quelle action !,None,0,60
3611,KCorp_Spy,Le son sur Deezer est lourd,Deezer,0,60
3616,M8_Fan,TCL font des bêtes de télé en vrai,TCL,0,60
3616,M8_Fan,Le son sur Deezer est lourd,Deezer,0,60
3618,TCL_Screen,C'est quoi la musique d'attente ? sur Deezer ?,Deezer,0,60
3620,PlayerOne,C'est quoi la musique d'attente ? sur Deezer ?,Deezer,0,60
3621,SyntaxError,L'image est trop belle sur mon écran TCL,TCL,0,60
3628,LoL_Lover,M8 domine complètement le match,None,1,60
3629,TCL_Screen,Allez les Bleus ! #M8WIN,None,1,60
3630,DeezerEnjoyer,M8 domine complètement le match,None,1,60
3637,LoL_Lover,#M8WIN #M8WIN #M8WIN,None,1,60
3638,AldiGamer,Le son sur Deezer est lourd,Deezer,0,60
3640,LoL_Lover,Le son sur Deezer est lourd,Deezer,0,60
3640,DeezerEnjoyer,Gg les gars !,None,0,60
3644,EsportFan99,J'adore le maillot avec le logo ALDI,ALDI,0,60
3645,LoL_Lover,Allez les Bleus ! #M8WIN,None,1,60
3648,AldiGamer,#M8WIN #M8WIN #M8WIN,None,1,60
3656,AldiGamer,Gg les gars !,None,0,60
3664,TCL_Screen,TCL font des bêtes de télé en vrai,TCL,0,61
3672,SyntaxError,Le stream bug non ?,None,0,61
3673,AldiGamer,M8 domine complètement le match,None,1,61
3684,PlayerOne,Le stream bug non ?,None,0,61
3685,M8_Fan,Le stream bug non ?,None,0,61
3685,SyntaxError,M8 domine complètement le match,None,1,61
3687,LoL_Lover,TCL font des bêtes de télé en vrai,TCL,0,61
3687,SyntaxError,ALDI c'est le meilleur sponsor !,ALDI,0,61
3697,KCorp_Spy,C'est quoi la musique d'attente ? sur Deezer ?,Deezer,0,61
3700,KCorp_Spy,C'est quoi la musique d'attente ? sur Deezer ?,Deezer,0,61
3700,TCL_Screen,Le son sur Deezer est lourd,Deezer,0,61
3701,SyntaxError,L'image est trop belle sur mon écran TCL,TCL,0,61
3702,DeezerEnjoyer,Le son sur Deezer est lourd,Deezer,0,61
3702,EsportFan99,C'est quoi la musique d'attente ? sur Deezer ?,Deezer,0,61
3703,LoL_Lover,C'est quoi la musique d'attente ? sur Deezer ?,Deezer,0,61
3704,AldiGamer,Incroyable cette action de Gentle Mates !,None,1,61
3705,AldiGamer,Incroyable cette action de Gentle Mates !,None,1,61
3709,KCorp_Spy,Mais non ?!? Quelle action !,None,0,61
3709,LoL_Lover,Mais non ?!? Quelle action !,None,0,61
3710,LoL_Lover,Mais non ?!? Quelle action !,None,0,61
3712,PlayerOne,Gg les gars !,None,0,61
3712,M8_Fan,Allez les Bleus ! #M8WIN,None,1,61
3712,PlayerOne,J'adore le maillot avec le logo ALDI,ALDI,0,61
3714,M8_Fan,Gg les gars !,None,0,61
3716,EsportFan99,C'est quoi la musique d'attente ? sur Deezer ?,Deezer,0,61
3722,AldiGamer,M8 à la vie à la mort,None,1,62
3723,TCL_Screen,ALDI c'est le meilleur sponsor !,ALDI,0,62
3733,SyntaxError,TCL font des bêtes de télé en vrai,TCL,0,62
3733,TCL_Screen,M8 domine complètement le match,None,1,62
3738,AldiGamer,Allez les Bleus ! #M8WIN,None,1,62
3744,KCorp_Spy,C'est quoi la musique d'attente ? sur Deezer ?,Deezer,0,62
3747,M8_Fan,Le son sur Deezer est lourd,Deezer,0,62
3748,KCorp_Spy,Mais non ?!? Quelle action !,None,0,62
3748,AldiGamer,Le stream bug non ?,None,0,62
3754,PlayerOne,ALDI c'est le meilleur sponsor !,ALDI,0,62
3756,PlayerOne,TCL font des bêtes de télé en vrai,TCL,0,62
3758,SyntaxError,C'est quoi la musique d'attente ? sur Deezer ?,Deezer,0,62
3761,EsportFan99,ALDI c'est le meilleur sponsor !,ALDI,0,62
3762,AldiGamer,Mais non ?!? Quelle action !,None,0,62
3762,AldiGamer,L'image est trop belle sur mon écran TCL,TCL,0,62
3765,KCorp_Spy,J'adore le maillot avec le logo ALDI,ALDI,0,62
3766,PlayerOne,Le stream bug non ?,None,0,62
3769,TCL_Screen,Le son sur Deezer est lourd,Deezer,0,62
3771,SyntaxError,M8 domine complètement le match,None,1,62
3771,SyntaxError,L'image est trop belle sur mon écran TCL,TCL,0,62
3780,PlayerOne,TCL font des bêtes de télé en vrai,TCL,0,63
3781,EsportFan99,L'image est trop belle sur mon écran TCL,TCL,0,63
3783,DeezerEnjoyer,ALDI c'est le meilleur sponsor !,ALDI,0,63
3783,EsportFan99,Mais non ?!? Quelle action !,None,0,63
3784,LoL_Lover,Le stream bug non ?,None,0,63
3793,TCL_Screen,#M8WIN #M8WIN #M8WIN,None,1,63
3794,DeezerEnjoyer,Incroyable cette action de Gentle Mates !,None,1,63
3799,SyntaxError,Gg les gars !,None,0,63
3801,M8_Fan,Le son sur Deezer est lourd,Deezer,0,63
3802,DeezerEnjoyer,TCL font des bêtes de télé en vrai,TCL,0,63
3805,DeezerEnjoyer,Gg les gars !,None,0,63
3806,TCL_Screen,Allez les Bleus ! #M8WIN,None,1,63
3806,KCorp_Spy,Incroyable cette action de Gentle Mates !,None,1,63
3807,EsportFan99,Gg les gars !,None,0,63
3810,KCorp_Spy,Allez les Bleus ! #M8WIN,None,1,63
3812,M8_Fan,C'est quoi la musique d'attente ? sur Deezer ?,Deezer,0,63
3814,TCL_Screen,ALDI c'est le meilleur sponsor !,ALDI,0,63
3815,M8_Fan,Le stream bug non ?,None,0,63
3816,PlayerOne,TCL font des bêtes de télé en vrai,TCL,0,63
3816,SyntaxError,Le son sur Deezer est lourd,Deezer,0,63
3821,PlayerOne,J'adore le maillot avec le logo ALDI,ALDI,0,63
3823,SyntaxError,Incroyable cette action de Gentle Mates !,None,1,63
3827,AldiGamer,Incroyable cette action de Gentle Mates !,None,1,63
3827,M8_Fan,#M8WIN #M8WIN #M8WIN,None,1,63
3828,LoL_Lover,TCL font des bêtes de télé en vrai,TCL,0,63
3828,LoL_Lover,M8 à la vie à la mort,None,1,63
3829,SyntaxError,#M8WIN #M8WIN #M8WIN,None,1,63
3829,AldiGamer,M8 domine complètement le match,None,1,63
3833,EsportFan99,M8 à la vie à la mort,None,1,63
3837,LoL_Lover,Le son sur Deezer est lourd,Deezer,0,63
3840,EsportFan99,#M8WIN #M8WIN #M8WIN,None,1,64
3843,M8_Fan,L'image est trop belle sur mon écran TCL,TCL,0,64
3844,LoL_Lover,Le son sur Deezer est lourd,Deezer,0,64
3845,DeezerEnjoyer,Le son sur Deezer est lourd,Deezer,0,64
3845,DeezerEnjoyer,L'image est trop belle sur mon écran TCL,TCL,0,64
3845,SyntaxError,M8 domine complètement le match,None,1,64
3849,DeezerEnjoyer,Mais non ?!? Quelle action !,None,0,64
3849,SyntaxError,C'est quoi la musique d'attente ? sur Deezer ?,Deezer,0,64
3849,DeezerEnjoyer,TCL font des bêtes de télé en vrai,TCL,0,64
3851,LoL_Lover,J'adore le maillot avec le logo ALDI,ALDI,0,64
3852,DeezerEnjoyer,Le son sur Deezer est lourd,Deezer,0,64
3853,M8_Fan,TCL font des bêtes de télé en vrai,TCL,0,64
3854,M8_Fan,M8 à la vie à la mort,None,1,64
3855,PlayerOne,M8 à la vie à la mort,None,1,64
3855,TCL_Screen,L'image est trop belle sur mon écran TCL,TCL,0,64
3855,LoL_Lover,M8 à la vie à la mort,None,1,64
3857,M8_Fan,ALDI c'est le meilleur sponsor !,ALDI,0,64
3859,TCL_Screen,Mais non ?!? Quelle action !,None,0,64
3859,AldiGamer,M8 à la vie à la mort,None,1,64
3860,DeezerEnjoyer,#M8WIN #M8WIN #M8WIN,None,1,64
3862,SyntaxError,C'est quoi la musique d'attente ? sur Deezer ?,Deezer,0,64
3863,SyntaxError,Allez les Bleus ! #M8WIN,None,1,64
3863,PlayerOne,Mais non ?!? Quelle action !,None,0,64
3864,LoL_Lover,Gg les gars !,None,0,64
3866,KCorp_Spy,Le son sur Deezer est lourd,Deezer,0,64
3867,AldiGamer,M8 à la vie à la mort,None,1,64
3867,KCorp_Spy,Mais non ?!? Quelle action !,None,0,64
3868,TCL_Screen,ALDI c'est le meilleur sponsor !,ALDI,0,64
3876,PlayerOne,M8 domine complètement le match,None,1,64
3877,PlayerOne,M8 domine complètement le match,None,1,64
3888,SyntaxError,M8 à la vie à la mort,None,1,64
3888,TCL_Screen,Gg les gars !,None,0,64
3890,SyntaxError,Allez les Bleus ! #M8WIN,None,1,64
3892,AldiGamer,Mais non ?!? Quelle action !,None,0,64
3893,KCorp_Spy,ALDI c'est le meilleur sponsor !,ALDI,0,64
3894,KCorp_Spy,Incroyable cette action de Gentle Mates !,None,1,64
3895,M8_Fan,Incroyable cette action de Gentle Mates !,None,1,64
3896,PlayerOne,M8 domine complètement le match,None,1,64
3898,PlayerOne,Allez les Bleus ! #M8WIN,None,1,64
3902,SyntaxError,Gg les gars !,None,0,65
3902,DeezerEnjoyer,Mais non ?!? Quelle action !,None,0,65
3902,DeezerEnjoyer,L'image est trop belle sur mon écran TCL,TCL,0,65
3903,M8_Fan,Allez les Bleus ! #M8WIN,None,1,65
3903,TCL_Screen,J'adore le maillot avec le logo ALDI,ALDI,0,65
3908,AldiGamer,Le stream bug non ?,None,0,65
3908,TCL_Screen,Incroyable cette action de Gentle Mates !,None,1,65
3909,PlayerOne,M8 à la vie à la mort,None,1,65
3910,PlayerOne,ALDI c'est le meilleur sponsor !,ALDI,0,65
3913,EsportFan99,Gg les gars !,None,0,65
3914,TCL_Screen,Incroyable cette action de Gentle Mates !,None,1,65
3918,SyntaxError,Gg les gars !,None,0,65
3921,TCL_Screen,ALDI c'est le meilleur sponsor !,ALDI,0,65
3921,M8_Fan,Allez les Bleus ! #M8WIN,None,1,65
3930,EsportFan99,ALDI c'est le meilleur sponsor !,ALDI,0,65
3930,EsportFan99,Incroyable cette action de Gentle Mates !,None,1,65
3936,EsportFan99,#M8WIN #M8WIN #M8WIN,None,1,65
3937,M8_Fan,Mais non ?!? Quelle action !,None,0,65
3943,M8_Fan,TCL font des bêtes de télé en vrai,TCL,0,65
3943,TCL_Screen,Gg les gars !,None,0,65
3946,PlayerOne,C'est quoi la musique d'attente ? sur Deezer ?,Deezer,0,65
3949,EsportFan99,Le stream bug non ?,None,0,65
3953,M8_Fan,TCL font des bêtes de télé en vrai,TCL,0,65
3956,TCL_Screen,Incroyable cette action de Gentle Mates !,None,1,65
3956,AldiGamer,Incroyable cette action de Gentle Mates !,None,1,65
3957,LoL_Lover,Le son sur Deezer est lourd,Deezer,0,65
3963,LoL_Lover,J'adore le maillot avec le logo ALDI,ALDI,0,66
3966,SyntaxError,Gg les gars !,None,0,66
3968,DeezerEnjoyer,#M8WIN #M8WIN #M8WIN,None,1,66
3970,LoL_Lover,C'est quoi la musique d'attente ? sur Deezer ?,Deezer,0,66
3970,M8_Fan,L'image est trop belle sur mon écran TCL,TCL,0,66
3971,KCorp_Spy,Mais non ?!? Quelle action !,None,0,66
3973,SyntaxError,Le stream bug non ?,None,0,66
3974,DeezerEnjoyer,ALDI c'est le meilleur sponsor !,ALDI,0,66
3978,M8_Fan,Le stream bug non ?,None,0,66
3978,SyntaxError,Le son sur Deezer est lourd,Deezer,0,66
3980,EsportFan99,J'adore le maillot avec le logo ALDI,ALDI,0,66
3984,EsportFan99,Gg les gars !,None,0,66
3986,LoL_Lover,J'adore le maillot avec le logo ALDI,ALDI,0,66
3987,DeezerEnjoyer,Gg les gars !,None,0,66
3987,M8_Fan,M8 domine complètement le match,None,1,66
3988,M8_Fan,C'est quoi la musique d'attente ? sur Deezer ?,Deezer,0,66
3988,DeezerEnjoyer,L'image est trop belle sur mon écran TCL,TCL,0,66
3992,EsportFan99,J'adore le maillot avec le logo ALDI,ALDI,0,66
3993,LoL_Lover,Gg les gars !,None,0,66
3993,DeezerEnjoyer,C'est quoi la musique d'attente ? sur Deezer ?,Deezer,0,66
3996,EsportFan99,Gg les gars !,None,0,66
3997,TCL_Screen,M8 à la vie à la mort,None,1,66
3999,KCorp_Spy,M8 à la vie à la mort,None,1,66
3999,PlayerOne,Le stream bug non ?,None,0,66
4000,DeezerEnjoyer,#M8WIN #M8WIN #M8WIN,None,1,66
4003,EsportFan99,Mais non ?!? Quelle action !,None,0,66
4005,AldiGamer,C'est quoi la musique d'attente ? sur Deezer ?,Deezer,0,66
4007,AldiGamer,Allez les Bleus ! #M8WIN,None,1,66
4012,SyntaxError,Incroyable cette action de Gentle Mates !,None,1,66
4014,EsportFan99,TCL font des bêtes de télé en vrai,TCL,0,66
4016,KCorp_Spy,TCL font des bêtes de télé en vrai,TCL,0,66
4016,M8_Fan,Allez les Bleus ! #M8WIN,None,1,66
4019,KCorp_Spy,Le stream bug non ?,None,0,66
4019,TCL_Screen,M8 domine complètement le match,None,1,66
4022,M8_Fan,Mais non ?!? Quelle action !,None,0,67
4023,SyntaxError,#M8WIN #M8WIN #M8WIN,None,1,67
4026,DeezerEnjoyer,C'est quoi la musique d'attente ? sur Deezer ?,Deezer,0,67
4029,KCorp_Spy,Allez les Bleus ! #M8WIN,None,1,67
4029,DeezerEnjoyer,L'image est trop belle sur mon écran TCL,TCL,0,67
4030,PlayerOne,Gg les gars !,None,0,67
4031,KCorp_Spy,J'adore le maillot avec le logo ALDI,ALDI,0,67
4031,TCL_Screen,ALDI c'est le meilleur sponsor !,ALDI,0,67
4034,LoL_Lover,C'est quoi la musique d'attente ? sur Deezer ?,Deezer,0,67
4039,TCL_Screen,Allez les Bleus ! #M8WIN,None,1,67
4042,LoL_Lover,#M8WIN #M8WIN #M8WIN,None,1,67
4043,KCorp_Spy,M8 domine complètement le match,None,1,67
4045,TCL_Screen,Mais non ?!? Quelle action !,None,0,67
4045,SyntaxError,Le son sur Deezer est lourd,Deezer,0,67
4045,EsportFan99,TCL font des bêtes de télé en vrai,TCL,0,67
4046,EsportFan99,M8 domine complètement le match,None,1,67
4050,M8_Fan,J'adore le maillot avec le logo ALDI,ALDI,0,67
4050,DeezerEnjoyer,J'adore le maillot avec le logo ALDI,ALDI,0,67
4052,M8_Fan,Mais non ?!? Quelle action !,None,0,67
4054,SyntaxError,Gg les gars !,None,0,67
4057,SyntaxError,Gg les gars !,None,0,67
4057,PlayerOne,Allez les Bleus ! #M8WIN,None,1,67
4058,EsportFan99,Gg les gars !,None,0,67
4062,AldiGamer,Le stream bug non ?,None,0,67
4062,PlayerOne,M8 à la vie à la mort,None,1,67
4064,SyntaxError,Le son sur Deezer est lourd,Deezer,0,67
4064,AldiGamer,Le son sur Deezer est lourd,Deezer,0,67
4066,DeezerEnjoyer,J'adore le maillot avec le logo ALDI,ALDI,0,67
4068,AldiGamer,Gg les gars !,None,0,67
4069,LoL_Lover,L'image est trop belle sur mon écran TCL,TCL,0,67
4074,SyntaxError,J'adore le maillot avec le logo ALDI,ALDI,0,67
4074,EsportFan99,J'adore le maillot avec le logo ALDI,ALDI,0,67
4081,KCorp_Spy,Gg les gars !,None,0,68
4086,DeezerEnjoyer,Mais non ?!? Quelle action !,None,0,68
4090,KCorp_Spy,M8 domine complètement le match,None,1,68
4092,AldiGamer,ALDI c'est le meilleur sponsor !,ALDI,0,68
4094,DeezerEnjoyer,L'image est trop belle sur mon écran TCL,TCL,0,68
4095,KCorp_Spy,Mais non ?!? Quelle action !,None,0,68
4099,KCorp_Spy,#M8WIN #M8WIN #M8WIN,None,1,68
4102,EsportFan99,#M8WIN #M8WIN #M8WIN,None,1,68
4104,AldiGamer,M8 à la vie à la mort,None,1,68
4107,LoL_Lover,C'est quoi la musique d'attente ? sur Deezer ?,Deezer,0,68
4111,SyntaxError,Gg les gars !,None,0,68
4111,M8_Fan,L'image est trop belle sur mon écran TCL,TCL,0,68
4113,LoL_Lover,#M8WIN #M8WIN #M8WIN,None,1,68
4113,SyntaxError,M8 domine complètement le match,None,1,68
4114,LoL_Lover,Gg les gars !,None,0,68
4114,M8_Fan,Incroyable cette action de Gentle Mates !,None,1,68
4114,DeezerEnjoyer,Le stream bug non ?,None,0,68
4117,M8_Fan,Mais non ?!? Quelle action !,None,0,68
4125,SyntaxError,C'est quoi la musique d'attente ? sur Deezer ?,Deezer,0,68
4127,DeezerEnjoyer,M8 domine complètement le match,None,1,68
4127,KCorp_Spy,Mais non ?!? Quelle action !,None,0,68
4129,SyntaxError,M8 à la vie à la mort,None,1,68
4129,SyntaxError,Mais non ?!? Quelle action !,None,0,68
4130,KCorp_Spy,M8 à la vie à la mort,None,1,68
4131,DeezerEnjoyer,ALDI c'est le meilleur sponsor !,ALDI,0,68
4131,TCL_Screen,L'image est trop belle sur mon écran TCL,TCL,0,68
4134,PlayerOne,#M8WIN #M8WIN #M8WIN,None,1,68
4141,LoL_Lover,M8 domine complètement le match,None,1,69
4142,KCorp_Spy,#M8WIN #M8WIN #M8WIN,None,1,69
4144,PlayerOne,TCL font des bêtes de télé en vrai,TCL,0,69
4145,SyntaxError,M8 domine complètement le match,None,1,69
4145,LoL_Lover,Mais non ?!? Quelle action !,None,0,69
4146,PlayerOne,Mais non ?!? Quelle action !,None,0,69
4146,LoL_Lover,Gg les gars !,None,0,69
4151,EsportFan99,Incroyable cette action de Gentle Mates !,None,1,69
4158,AldiGamer,L'image est trop belle sur mon écran TCL,TCL,0,69
4162,KCorp_Spy,Mais non ?!? Quelle action !,None,0,69
4162,SyntaxError,L'image est trop belle sur mon écran TCL,TCL,0,69
4165,M8_Fan,Incroyable cette action de Gentle Mates !,None,1,69
4168,AldiGamer,Le son sur Deezer est lourd,Deezer,0,69
4168,M8_Fan,Le son sur Deezer est lourd,Deezer,0,69
4169,AldiGamer,ALDI c'est le meilleur sponsor !,ALDI,0,69
4171,TCL_Screen,Le son sur Deezer est lourd,Deezer,0,69
4173,AldiGamer,Incroyable cette action de Gentle Mates !,None,1,69
4173,PlayerOne,L'image est trop belle sur mon écran TCL,TCL,0,69
4179,KCorp_Spy,Allez les Bleus ! #M8WIN,None,1,69
4184,M8_Fan,Le stream bug non ?,None,0,69
4188,TCL_Screen,Mais non ?!? Quelle action !,None,0,69
4188,AldiGamer,Le stream bug non ?,None,0,69
4190,PlayerOne,Gg les gars !,None,0,69
4193,M8_Fan,Mais non ?!? Quelle action !,None,0,69
4193,KCorp_Spy,M8 à la vie à la mort,None,1,69
4194,TCL_Screen,Le stream bug non ?,None,0,69
4195,M8_Fan,L'image est trop belle sur mon écran TCL,TCL,0,69
4198,KCorp_Spy,Allez les Bleus ! #M8WIN,None,1,69
4199,TCL_Screen,C'est quoi la musique d'attente ? sur Deezer ?,Deezer,0,69
4200,DeezerEnjoyer,Incroyable cette action de Gentle Mates !,None,1,70
4203,PlayerOne,Le son sur Deezer est lourd,Deezer,0,70
4207,TCL_Screen,Le son sur Deezer est lourd,Deezer,0,70
4209,EsportFan99,#M8WIN #M8WIN #M8WIN,None,1,70
4212,DeezerEnjoyer,Gg les gars !,None,0,70
4216,AldiGamer,Gg les gars !,None,0,70
4218,EsportFan99,ALDI c'est le meilleur sponsor !,ALDI,0,70
4219,M8_Fan,J'adore le maillot avec le logo ALDI,ALDI,0,70
4219,SyntaxError,ALDI c'est le meilleur sponsor !,ALDI,0,70
4221,PlayerOne,C'est quoi la musique d'attente ? sur Deezer ?,Deezer,0,70
4223,PlayerOne,L'image est trop belle sur mon écran TCL,TCL,0,70
4226,SyntaxError,C'est quoi la musique d'attente ? sur Deezer ?,Deezer,0,70
4231,SyntaxError,L'image est trop belle sur mon écran TCL,TCL,0,70
4233,M8_Fan,L'image est trop belle sur mon écran TCL,TCL,0,70
4235,DeezerEnjoyer,Allez les Bleus ! #M8WIN,None,1,70
4241,SyntaxError,Gg les gars !,None,0,70
4241,TCL_Screen,C'est quoi la musique d'attente ? sur Deezer ?,Deezer,0,70
4242,SyntaxError,L'image est trop belle sur mon écran TCL,TCL,0,70
4244,SyntaxError,Incroyable cette action de Gentle Mates !,None,1,70
4246,PlayerOne,Le son sur Deezer est lourd,Deezer,0,70
4248,TCL_Screen,M8 domine complètement le match,None,1,70
4250,AldiGamer,Mais non ?!? Quelle action !,None,0,70
4254,KCorp_Spy,ALDI c'est le meilleur sponsor !,ALDI,0,70
4257,KCorp_Spy,Incroyable cette action de Gentle Mates !,None,1,70
4272,M8_Fan,TCL font des bêtes de télé en vrai,TCL,0,71
4273,DeezerEnjoyer,Incroyable cette action de Gentle Mates !,None,1,71
4274,M8_Fan,ALDI c'est le meilleur sponsor !,ALDI,0,71
4275,M8_Fan,Allez les Bleus ! #M8WIN,None,1,71
4276,M8_Fan,ALDI c'est le meilleur sponsor !,ALDI,0,71
4279,DeezerEnjoyer,M8 à la vie à la mort,None,1,71
4280,TCL_Screen,Mais non ?!? Quelle action !,None,0,71
4281,SyntaxError,M8 domine complètement le match,None,1,71
4281,EsportFan99,J'adore le maillot avec le logo ALDI,ALDI,0,71
4281,DeezerEnjoyer,Le stream bug non ?,None,0,71
4283,PlayerOne,M8 à la vie à la mort,None,1,71
4283,LoL_Lover,Mais non ?!? Quelle action !,None,0,71
4285,LoL_Lover,C'est quoi la musique d'attente ? sur Deezer ?,Deezer,0,71
4289,EsportFan99,Le stream bug non ?,None,0,71
4297,LoL_Lover,Gg les gars !,None,0,71
4305,KCorp_Spy,Allez les Bleus ! #M8WIN,None,1,71
4307,LoL_Lover,Gg les gars !,None,0,71
4310,LoL_Lover,C'est quoi la musique d'attente ? sur Deezer ?,Deezer,0,71
4311,DeezerEnjoyer,Le stream bug non ?,None,0,71
4312,AldiGamer,Le stream bug non ?,None,0,71
4317,LoL_Lover,Allez les Bleus ! #M8WIN,None,1,71
4322,EsportFan99,C'est quoi la musique d'attente ? sur Deezer ?,Deezer,0,72
4323,TCL_Screen,#M8WIN #M8WIN #M8WIN,None,1,72
4323,KCorp_Spy,L'image est trop belle sur mon écran TCL,TCL,0,72
4323,LoL_Lover,Gg les gars !,None,0,72
4325,M8_Fan,C'est quoi la musique d'attente ? sur Deezer ?,Deezer,0,72
4326,LoL_Lover,Gg les gars !,None,0,72
4328,EsportFan99,Le son sur Deezer est lourd,Deezer,0,72
4329,DeezerEnjoyer,M8 domine complètement le match,None,1,72
4335,EsportFan99,M8 domine complètement le match,None,1,72
4335,M8_Fan,#M8WIN #M8WIN #M8WIN,None,1,72
4337,SyntaxError,C'est quoi la musique d'attente ? sur Deezer ?,Deezer,0,72
4340,AldiGamer,Le son sur Deezer est lourd,Deezer,0,72
4345,AldiGamer,Incroyable cette action de Gentle Mates !,None,1,72
4347,PlayerOne,Mais non ?!? Quelle action !,None,0,72
4348,PlayerOne,M8 domine complètement le match,None,1,72
4351,SyntaxError,M8 à la vie à la mort,None,1,72
4352,LoL_Lover,Le son sur Deezer est lourd,Deezer,0,72
4353,AldiGamer,Allez les Bleus ! #M8WIN,None,1,72
4356,PlayerOne,ALDI c'est le meilleur sponsor !,ALDI,0,72
4358,M8_Fan,TCL font des bêtes de télé en vrai,TCL,0,72
4359,AldiGamer,L'image est trop belle sur mon écran TCL,TCL,0,72
4360,SyntaxError,J'adore le maillot avec le logo ALDI,ALDI,0,72
4364,DeezerEnjoyer,L'image est trop belle sur mon écran TCL,TCL,0,72
4368,M8_Fan,M8 domine complètement le match,None,1,72
4371,DeezerEnjoyer,J'adore le maillot avec le logo ALDI,ALDI,0,72
4382,KCorp_Spy,C'est quoi la musique d'attente ? sur Deezer ?,Deezer,0,73
4383,M8_Fan,J'adore le maillot avec le logo ALDI,ALDI,0,73
4390,AldiGamer,C'est quoi la musique d'attente ? sur Deezer ?,Deezer,0,73
4394,TCL_Screen,ALDI c'est le meilleur sponsor !,ALDI,0,73
4395,SyntaxError,Gg les gars !,None,0,73
4395,M8_Fan,M8 à la vie à la mort,None,1,73
4395,SyntaxError,C'est quoi la musique d'attente ? sur Deezer ?,Deezer,0,73
4397,KCorp_Spy,J'adore le maillot avec le logo ALDI,ALDI,0,73
4397,TCL_Screen,J'adore le maillot avec le logo ALDI,ALDI,0,73
4397,SyntaxError,L'image est trop belle sur mon écran TCL,TCL,0,73
4401,M8_Fan,J'adore le maillot avec le logo ALDI,ALDI,0,73
4402,LoL_Lover,J'adore le maillot avec le logo ALDI,ALDI,0,73
4402,DeezerEnjoyer,ALDI c'est le meilleur sponsor !,ALDI,0,73
4403,SyntaxError,Incroyable cette action de Gentle Mates !,None,1,73
4408,KCorp_Spy,J'adore le maillot avec le logo ALDI,ALDI,0,73
4408,PlayerOne,TCL font des bêtes de télé en vrai,TCL,0,73
4410,LoL_Lover,M8 à la vie à la mort,None,1,73
4413,KCorp_Spy,Gg les gars !,None,0,73
4413,PlayerOne,M8 domine complètement le match,None,1,73
4416,EsportFan99,Mais non ?!? Quelle action !,None,0,73
4421,DeezerEnjoyer,TCL font des bêtes de télé en vrai,TCL,0,73
4422,PlayerOne,TCL font des bêtes de télé en vrai,TCL,0,73
4423,TCL_Screen,Le stream bug non ?,None,0,73
4425,DeezerEnjoyer,Le son sur Deezer est lourd,Deezer,0,73
4426,LoL_Lover,J'adore le maillot avec le logo ALDI,ALDI,0,73
4426,AldiGamer,ALDI c'est le meilleur sponsor !,ALDI,0,73
4428,TCL_Screen,L'image est trop belle sur mon écran TCL,TCL,0,73
4428,M8_Fan,TCL font des bêtes de télé en vrai,TCL,0,73
4431,SyntaxError,L'image est trop belle sur mon écran TCL,TCL,0,73
4436,AldiGamer,#M8WIN #M8WIN #M8WIN,None,1,73
4439,DeezerEnjoyer,Allez les Bleus ! #M8WIN,None,1,73
4441,LoL_Lover,TCL font des bêtes de télé en vrai,TCL,0,74
4443,AldiGamer,J'adore le maillot avec le logo ALDI,ALDI,0,74
4447,TCL_Screen,Incroyable cette action de Gentle Mates !,None,1,74
4447,DeezerEnjoyer,Allez les Bleus ! #M8WIN,None,1,74
4449,TCL_Screen,#M8WIN #M8WIN #M8WIN,None,1,74
4449,AldiGamer,TCL font des bêtes de télé en vrai,TCL,0,74
4454,EsportFan99,M8 à la vie à la mort,None,1,74
4456,TCL_Screen,M8 à la vie à la mort,None,1,74
4456,TCL_Screen,L'image est trop belle sur mon écran TCL,TCL,0,74
4457,PlayerOne,M8 domine complètement le match,None,1,74
4460,AldiGamer,M8 à la vie à la mort,None,1,74
4462,LoL_Lover,Incroyable cette action de Gentle Mates !,None,1,74
4462,M8_Fan,M8 à la vie à la mort,None,1,74
4464,TCL_Screen,TCL font des bêtes de télé en vrai,TCL,0,74
4465,LoL_Lover,Gg les gars !,None,0,74
4466,SyntaxError,J'adore le maillot avec le logo ALDI,ALDI,0,74
4467,PlayerOne,ALDI c'est le meilleur sponsor !,ALDI,0,74
4468,EsportFan99,M8 à la vie à la mort,None,1,74
4470,KCorp_Spy,C'est quoi la musique d'attente ? sur Deezer ?,Deezer,0,74
4472,M8_Fan,Allez les Bleus ! #M8WIN,None,1,74
4483,LoL_Lover,M8 à la vie à la mort,None,1,74
4484,KCorp_Spy,M8 à la vie à la mort,None,1,74
4485,M8_Fan,Mais non ?!? Quelle action !,None,0,74
4486,SyntaxError,Mais non ?!? Quelle action !,None,0,74
4486,KCorp_Spy,Le son sur Deezer est lourd,Deezer,0,74
4488,TCL_Screen,TCL font des bêtes de télé en vrai,TCL,0,74
4489,M8_Fan,C'est quoi la musique d'attente ? sur Deezer ?,Deezer,0,74
4490,EsportFan99,Allez les Bleus ! #M8WIN,None,1,74
4494,DeezerEnjoyer,#M8WIN #M8WIN #M8WIN,None,1,74
4496,KCorp_Spy,Le son sur Deezer est lourd,Deezer,0,74
4498,SyntaxError,L'image est trop belle sur mon écran TCL,TCL,0,74
4500,KCorp_Spy,Le son sur Deezer est lourd,Deezer,0,75
4504,SyntaxError,L'image est trop belle sur mon écran TCL,TCL,0,75
4505,SyntaxError,C'est quoi la musique d'attente ? sur Deezer ?,Deezer,0,75
4506,EsportFan99,ALDI c'est le meilleur sponsor !,ALDI,0,75
4507,KCorp_Spy,Le son sur Deezer est lourd,Deezer,0,75
4510,TCL_Screen,L'image est trop belle sur mon écran TCL,TCL,0,75
4512,DeezerEnjoyer,Le son sur Deezer est lourd,Deezer,0,75
4515,PlayerOne,C'est quoi la musique d'attente ? sur Deezer ?,Deezer,0,75
4516,TCL_Screen,M8 domine complètement le match,None,1,75
4519,AldiGamer,Allez les Bleus ! #M8WIN,None,1,75
4522,KCorp_Spy,Allez les Bleus ! #M8WIN,None,1,75
4530,M8_Fan,C'est quoi la musique d'attente ? sur Deezer ?,Deezer,0,75
4532,PlayerOne,#M8WIN #M8WIN #M8WIN,None,1,75
4535,SyntaxError,M8 à la vie à la mort,None,1,75
4538,KCorp_Spy,TCL font des bêtes de télé en vrai,TCL,0,75
4540,DeezerEnjoyer,TCL font des bêtes de télé en vrai,TCL,0,75
4541,KCorp_Spy,M8 domine complètement le match,None,1,75
4542,AldiGamer,L'image est trop belle sur mon écran TCL,TCL,0,75
4543,SyntaxError,J'adore le maillot avec le logo ALDI,ALDI,0,75
4543,TCL_Screen,Mais non ?!? Quelle action !,None,0,75
4544,DeezerEnjoyer,TCL font des bêtes de télé en vrai,TCL,0,75
4546,DeezerEnjoyer,M8 à la vie à la mort,None,1,75
4547,DeezerEnjoyer,Incroyable cette action de Gentle Mates !,None,1,75
4553,LoL_Lover,M8 domine complètement le match,None,1,75
4556,EsportFan99,Allez les Bleus ! #M8WIN,None,1,75
4557,TCL_Screen,L'image est trop belle sur mon écran TCL,TCL,0,75
4560,PlayerOne,J'adore le maillot avec le logo ALDI,ALDI,0,76
4560,TCL_Screen,Mais non ?!? Quelle action !,None,0,76
4566,EsportFan99,M8 domine complètement le match,None,1,76
4567,SyntaxError,Gg les gars !,None,0,76
4569,M8_Fan,Mais non ?!? Quelle action !,None,0,76
4571,TCL_Screen,#M8WIN #M8WIN #M8WIN,None,1,76
4575,KCorp_Spy,Gg les gars !,None,0,76
4577,M8_Fan,TCL font des bêtes de télé en vrai,TCL,0,76
4577,PlayerOne,M8 domine complètement le match,None,1,76
4578,M8_Fan,M8 domine complètement le match,None,1,76
4582,AldiGamer,ALDI c'est le meilleur sponsor !,ALDI,0,76
4583,DeezerEnjoyer,TCL font des bêtes de télé en vrai,TCL,0,76
4586,TCL_Screen,L'image est trop belle sur mon écran TCL,TCL,0,76
4586,DeezerEnjoyer,Gg les gars !,None,0,76
4587,SyntaxError,M8 à la vie à la mort,None,1,76
4587,AldiGamer,Incroyable cette action de Gentle Mates !,None,1,76
4589,EsportFan99,TCL font des bêtes de télé en vrai,TCL,0,76
4589,DeezerEnjoyer,Le son sur Deezer est lourd,Deezer,0,76
4592,LoL_Lover,L'image est trop belle sur mon écran TCL,TCL,0,76
4592,M8_Fan,Incroyable cette action de Gentle Mates !,None,1,76
4592,TCL_Screen,L'image est trop belle sur mon écran TCL,TCL,0,76
4594,TCL_Screen,Allez les Bleus ! #M8WIN,None,1,76
4594,TCL_Screen,M8 à la vie à la mort,None,1,76
4596,AldiGamer,C'est quoi la musique d'attente ? sur Deezer ?,Deezer,0,76
4597,PlayerOne,Allez les Bleus ! #M8WIN,None,1,76
4599,EsportFan99,J'adore le maillot avec le logo ALDI,ALDI,0,76
4600,PlayerOne,ALDI c'est le meilleur sponsor !,ALDI,0,76
4606,KCorp_Spy,L'image est trop belle sur mon écran TCL,TCL,0,76
4607,EsportFan99,Le stream bug non ?,None,0,76
4608,LoL_Lover,Le son sur Deezer est lourd,Deezer,0,76
4609,AldiGamer,#M8WIN #M8WIN #M8WIN,None,1,76
4617,SyntaxError,C'est quoi la musique d'attente ? sur Deezer ?,Deezer,0,76
4621,LoL_Lover,TCL font des bêtes de télé en vrai,TCL,0,77
4623,PlayerOne,Incroyable cette action de Gentle Mates !,None,1,77
4624,DeezerEnjoyer,Le stream bug non ?,None,0,77
4625,LoL_Lover,L'image est trop belle sur mon écran TCL,TCL,0,77
4626,SyntaxError,Le stream bug non ?,None,0,77
4627,AldiGamer,#M8WIN #M8WIN #M8WIN,None,1,77
4628,TCL_Screen,#M8WIN #M8WIN #M8WIN,None,1,77
4628,SyntaxError,C'est quoi la musique d'attente ? sur Deezer ?,Deezer,0,77
4628,LoL_Lover,Gg les gars !,None,0,77
4629,TCL_Screen,Allez les Bleus ! #M8WIN,None,1,77
4630,PlayerOne,Le son sur Deezer est lourd,Deezer,0,77
4630,M8_Fan,Allez les Bleus ! #M8WIN,None,1,77
4630,M8_Fan,J'adore le maillot avec le logo ALDI,ALDI,0,77
4632,LoL_Lover,Gg les gars !,None,0,77
4633,EsportFan99,J'adore le maillot avec le logo ALDI,ALDI,0,77
4644,LoL_Lover,Le stream bug non ?,None,0,77
4646,PlayerOne,Incroyable cette action de Gentle Mates !,None,1,77
4646,DeezerEnjoyer,Incroyable cette action de Gentle Mates !,None,1,77
4647,DeezerEnjoyer,#M8WIN #M8WIN #M8WIN,None,1,77
4648,M8_Fan,J'adore le maillot avec le logo ALDI,ALDI,0,77
4650,EsportFan99,C'est quoi la musique d'attente ? sur Deezer ?,Deezer,0,77
4654,AldiGamer,#M8WIN #M8WIN #M8WIN,None,1,77
4655,AldiGamer,Gg les gars !,None,0,77
4657,SyntaxError,Allez les Bleus ! #M8WIN,None,1,77
4659,LoL_Lover,Le stream bug non ?,None,0,77
4659,DeezerEnjoyer,Incroyable cette action de Gentle Mates !,None,1,77
4659,AldiGamer,L'image est trop belle sur mon écran TCL,TCL,0,77
4661,AldiGamer,Gg les gars !,None,0,77
4665,TCL_Screen,Le stream bug non ?,None,0,77
4671,DeezerEnjoyer,#M8WIN #M8WIN #M8WIN,None,1,77
4671,LoL_Lover,Incroyable cette action de Gentle Mates !,None,1,77
4671,M8_Fan,ALDI c'est le meilleur sponsor !,ALDI,0,77
4672,KCorp_Spy,#M8WIN #M8WIN #M8WIN,None,1,77
4679,AldiGamer,C'est quoi la musique d'attente ? sur Deezer ?,Deezer,0,77
4686,DeezerEnjoyer,ALDI c'est le meilleur sponsor !,ALDI,0,78
4688,M8_Fan,C'est quoi la musique d'attente ? sur Deezer ?,Deezer,0,78
4690,SyntaxError,Incroyable cette action de Gentle Mates !,None,1,78
4692,EsportFan99,L'image est trop belle sur mon écran TCL,TCL,0,78
4697,SyntaxError,Le son sur Deezer est lourd,Deezer,0,78
4697,LoL_Lover,Le son sur Deezer est lourd,Deezer,0,78
4705,PlayerOne,J'adore le maillot avec le logo ALDI,ALDI,0,78
4705,PlayerOne,#M8WIN #M8WIN #M8WIN,None,1,78
4708,PlayerOne,Le stream bug non ?,None,0,78
4710,M8_Fan,L'image est trop belle sur mon écran TCL,TCL,0,78
4710,PlayerOne,L'image est trop belle sur mon écran TCL,TCL,0,78
4711,LoL_Lover,#M8WIN #M8WIN #M8WIN,None,1,78
4715,TCL_Screen,Le stream bug non ?,None,0,78
4716,LoL_Lover,Mais non ?!? Quelle action !,None,0,78
4719,KCorp_Spy,L'image est trop belle sur mon écran TCL,TCL,0,78
4725,M8_Fan,M8 à la vie à la mort,None,1,78
4729,LoL_Lover,Mais non ?!? Quelle action !,None,0,78
4731,DeezerEnjoyer,M8 domine complètement le match,None,1,78
4731,SyntaxError,M8 domine complètement le match,None,1,78
4731,DeezerEnjoyer,Le son sur Deezer est lourd,Deezer,0,78
4731,M8_Fan,M8 domine complètement le match,None,1,78
4732,TCL_Screen,Mais non ?!? Quelle action !,None,0,78
4732,PlayerOne,ALDI c'est le meilleur sponsor !,ALDI,0,78
4733,AldiGamer,TCL font des bêtes de télé en vrai,TCL,0,78
4742,KCorp_Spy,M8 domine complètement le match,None,1,79
4742,LoL_Lover,ALDI c'est le meilleur sponsor !,ALDI,0,79
4745,LoL_Lover,Gg les gars !,None,0,79
4752,KCorp_Spy,Le stream bug non ?,None,0,79
4752,LoL_Lover,M8 à la vie à la mort,None,1,79
4752,PlayerOne,Allez les Bleus ! #M8WIN,None,1,79
4753,EsportFan99,C'est quoi la musique d'attente ? sur Deezer ?,Deezer,0,79
4754,DeezerEnjoyer,M8 domine complètement le match,None,1,79
4755,M8_Fan,Incroyable cette action de Gentle Mates !,None,1,79
4756,M8_Fan,TCL font des bêtes de télé en vrai,TCL,0,79
4762,LoL_Lover,Incroyable cette action de Gentle Mates !,None,1,79
4764,SyntaxError,Mais non ?!? Quelle action !,None,0,79
4764,DeezerEnjoyer,C'est quoi la musique d'attente ? sur Deezer ?,Deezer,0,79
4769,M8_Fan,ALDI c'est le meilleur sponsor !,ALDI,0,79
4775,M8_Fan,Incroyable cette action de Gentle Mates !,None,1,79
4776,PlayerOne,Gg les gars !,None,0,79
4777,LoL_Lover,ALDI c'est le meilleur sponsor !,ALDI,0,79
4781,AldiGamer,#M8WIN #M8WIN #M8WIN,None,1,79
4781,PlayerOne,M8 à la vie à la mort,None,1,79
4789,M8_Fan,Le son sur Deezer est lourd,Deezer,0,79
4791,DeezerEnjoyer,L'image est trop belle sur mon écran TCL,TCL,0,79
4791,TCL_Screen,M8 à la vie à la mort,None,1,79
4793,PlayerOne,Incroyable cette action de Gentle Mates !,None,1,79
4793,DeezerEnjoyer,ALDI c'est le meilleur sponsor !,ALDI,0,79
4796,KCorp_Spy,Allez les Bleus ! #M8WIN,None,1,79
4796,EsportFan99,Mais non ?!? Quelle action !,None,0,79
4798,M8_Fan,L'image est trop belle sur mon écran TCL,TCL,0,79
4800,TCL_Screen,#M8WIN #M8WIN #M8WIN,None,1,80
4808,TCL_Screen,M8 à la vie à la mort,None,1,80
4809,AldiGamer,Incroyable cette action de Gentle Mates !,None,1,80
4815,KCorp_Spy,C'est quoi la musique d'attente ? sur Deezer ?,Deezer,0,80
4817,EsportFan99,C'est quoi la musique d'attente ? sur Deezer ?,Deezer,0,80
4824,M8_Fan,M8 à la vie à la mort,None,1,80
4827,KCorp_Spy,M8 à la vie à la mort,None,1,80
4828,PlayerOne,C'est quoi la musique d'attente ? sur Deezer ?,Deezer,0,80
4829,PlayerOne,M8 à la vie à la mort,None,1,80
4831,DeezerEnjoyer,Gg les gars !,None,0,80
4834,M8_Fan,C'est quoi la musique d'attente ? sur Deezer ?,Deezer,0,80
4834,KCorp_Spy,Mais non ?!? Quelle action !,None,0,80
4835,TCL_Screen,#M8WIN #M8WIN #M8WIN,None,1,80
4837,KCorp_Spy,M8 à la vie à la mort,None,1,80
4838,M8_Fan,M8 domine complètement le match,None,1,80
4839,LoL_Lover,Incroyable cette action de Gentle Mates !,None,1,80
4841,SyntaxError,Allez les Bleus ! #M8WIN,None,1,80
4841,TCL_Screen,Le stream bug non ?,None,0,80
4843,KCorp_Spy,M8 à la vie à la mort,None,1,80
4845,EsportFan99,C'est quoi la musique d'attente ? sur Deezer ?,Deezer,0,80
4847,TCL_Screen,L'image est trop belle sur mon écran TCL,TCL,0,80
4848,KCorp_Spy,Le stream bug non ?,None,0,80
4850,TCL_Screen,Allez les Bleus ! #M8WIN,None,1,80
4854,KCorp_Spy,M8 domine complètement le match,None,1,80
4854,DeezerEnjoyer,J'adore le maillot avec le logo ALDI,ALDI,0,80
4857,DeezerEnjoyer,ALDI c'est le meilleur sponsor !,ALDI,0,80
4861,LoL_Lover,C'est quoi la musique d'attente ? sur Deezer ?,Deezer,0,81
4863,EsportFan99,Gg les gars !,None,0,81
4865,KCorp_Spy,Gg les gars !,None,0,81
4865,EsportFan99,ALDI c'est le meilleur sponsor !,ALDI,0,81
4866,TCL_Screen,TCL font des bêtes de télé en vrai,TCL,0,81
4867,SyntaxError,M8 à la vie à la mort,None,1,81
4873,PlayerOne,Incroyable cette action de Gentle Mates !,None,1,81
4874,LoL_Lover,Incroyable cette action de Gentle Mates !,None,1,81
4876,PlayerOne,M8 à la vie à la mort,None,1,81
4880,EsportFan99,Mais non ?!? Quelle action !,None,0,81
4886,LoL_Lover,ALDI c'est le meilleur sponsor !,ALDI,0,81
4886,KCorp_Spy,#M8WIN #M8WIN #M8WIN,None,1,81
4886,AldiGamer,Le stream bug non ?,None,0,81
4886,M8_Fan,J'adore le maillot avec le logo ALDI,ALDI,0,81
4888,TCL_Screen,Incroyable cette action de Gentle Mates !,None,1,81
4888,AldiGamer,C'est quoi la musique d'attente ? sur Deezer ?,Deezer,0,81
4889,AldiGamer,Allez les Bleus ! #M8WIN,None,1,81
4890,AldiGamer,Mais non ?!? Quelle action !,None,0,81
4892,TCL_Screen,M8 domine complètement le match,None,1,81
4893,AldiGamer,C'est quoi la musique d'attente ? sur Deezer ?,Deezer,0,81
4894,PlayerOne,Le stream bug non ?,None,0,81
4896,EsportFan99,M8 à la vie à la mort,None,1,81
4897,TCL_Screen,TCL font des bêtes de télé en vrai,TCL,0,81
4899,AldiGamer,Gg les gars !,None,0,81
4899,AldiGamer,Le son sur Deezer est lourd,Deezer,0,81
4902,EsportFan99,Incroyable cette action de Gentle Mates !,None,1,81
4902,AldiGamer,M8 à la vie à la mort,None,1,81
4903,PlayerOne,M8 à la vie à la mort,None,1,81
4903,PlayerOne,TCL font des bêtes de télé en vrai,TCL,0,81
4905,DeezerEnjoyer,Incroyable cette action de Gentle Mates !,None,1,81
4911,TCL_Screen,Le stream bug non ?,None,0,81
4915,EsportFan99,M8 à la vie à la mort,None,1,81
4916,DeezerEnjoyer,J'adore le maillot avec le logo ALDI,ALDI,0,81
4919,TCL_Screen,Le son sur Deezer est lourd,Deezer,0,81
4922,M8_Fan,TCL font des bêtes de télé en vrai,TCL,0,82
4927,M8_Fan,#M8WIN #M8WIN #M8WIN,None,1,82
4928,AldiGamer,M8 à la vie à la mort,None,1,82
4933,SyntaxError,Allez les Bleus ! #M8WIN,None,1,82
4934,DeezerEnjoyer,TCL font des bêtes de télé en vrai,TCL,0,82
4934,LoL_Lover,ALDI c'est le meilleur sponsor !,ALDI,0,82
4935,AldiGamer,ALDI c'est le meilleur sponsor !,ALDI,0,82
4937,TCL_Screen,C'est quoi la musique d'attente ? sur Deezer ?,Deezer,0,82
4940,PlayerOne,Le son sur Deezer est lourd,Deezer,0,82
4943,EsportFan99,Gg les gars !,None,0,82
4943,PlayerOne,M8 domine complètement le match,None,1,82
4945,DeezerEnjoyer,Gg les gars !,None,0,82
4946,DeezerEnjoyer,Incroyable cette action de Gentle Mates !,None,1,82
4946,PlayerOne,Le stream bug non ?,None,0,82
4949,DeezerEnjoyer,J'adore le maillot avec le logo ALDI,ALDI,0,82
4956,EsportFan99,ALDI c'est le meilleur sponsor !,ALDI,0,82
4960,KCorp_Spy,Incroyable cette action de Gentle Mates !,None,1,82
4970,DeezerEnjoyer,Gg les gars !,None,0,82
4971,LoL_Lover,Allez les Bleus ! #M8WIN,None,1,82
4972,M8_Fan,Le son sur Deezer est lourd,Deezer,0,82
4972,SyntaxError,J'adore le maillot avec le logo ALDI,ALDI,0,82
4973,SyntaxError,M8 domine complètement le match,None,1,82
4974,DeezerEnjoyer,Gg les gars !,None,0,82
4975,EsportFan99,Allez les Bleus ! #M8WIN,None,1,82
4978,SyntaxError,L'image est trop belle sur mon écran TCL,TCL,0,82
4980,PlayerOne,Incroyable cette action de Gentle Mates !,None,1,83
4989,SyntaxError,TCL font des bêtes de télé en vrai,TCL,0,83
4989,M8_Fan,C'est quoi la musique d'attente ? sur Deezer ?,Deezer,0,83
4992,AldiGamer,Mais non ?!? Quelle action !,None,0,83
4994,DeezerEnjoyer,M8 à la vie à la mort,None,1,83
4995,DeezerEnjoyer,TCL font des bêtes de télé en vrai,TCL,0,83
4996,AldiGamer,Allez les Bleus ! #M8WIN,None,1,83
5005,PlayerOne,Le son sur Deezer est lourd,Deezer,0,83
5010,PlayerOne,TCL font des bêtes de télé en vrai,TCL,0,83
5013,TCL_Screen,M8 domine complètement le match,None,1,83
5013,M8_Fan,J'adore le maillot avec le logo ALDI,ALDI,0,83
5013,KCorp_Spy,Le stream bug non ?,None,0,83
5018,DeezerEnjoyer,Gg les gars !,None,0,83
5018,DeezerEnjoyer,M8 à la vie à la mort,None,1,83
5023,SyntaxError,Le son sur Deezer est lourd,Deezer,0,83
5024,M8_Fan,Gg les gars !,None,0,83
5026,PlayerOne,Mais non ?!? Quelle action !,None,0,83
5027,LoL_Lover,M8 domine complètement le match,None,1,83
5030,SyntaxError,Incroyable cette action de Gentle Mates !,None,1,83
5032,LoL_Lover,Le stream bug non ?,None,0,83
5035,EsportFan99,Allez les Bleus ! #M8WIN,None,1,83
5038,DeezerEnjoyer,TCL font des bêtes de télé en vrai,TCL,0,83
5039,M8_Fan,M8 à la vie à la mort,None,1,83
5041,SyntaxError,Gg les gars !,None,0,84
5044,M8_Fan,ALDI c'est le meilleur sponsor !,ALDI,0,84
5045,KCorp_Spy,Incroyable cette action de Gentle Mates !,None,1,84
5047,AldiGamer,Le son sur Deezer est lourd,Deezer,0,84
5048,AldiGamer,ALDI c'est le meilleur sponsor !,ALDI,0,84
5053,PlayerOne,Incroyable cette action de Gentle Mates !,None,1,84
5054,LoL_Lover,L'image est trop belle sur mon écran TCL,TCL,0,84
5054,DeezerEnjoyer,Le son sur Deezer est lourd,Deezer,0,84
5056,KCorp_Spy,TCL font des bêtes de télé en vrai,TCL,0,84
5056,PlayerOne,ALDI c'est le meilleur sponsor !,ALDI,0,84
5059,KCorp_Spy,M8 à la vie à la mort,None,1,84
5060,EsportFan99,Allez les Bleus ! #M8WIN,None,1,84
5061,KCorp_Spy,Incroyable cette action de Gentle Mates !,None,1,84
5061,PlayerOne,M8 domine complètement le match,None,1,84
5061,SyntaxError,M8 à la vie à la mort,None,1,84
5069,SyntaxError,TCL font des bêtes de télé en vrai,TCL,0,84
5069,PlayerOne,#M8WIN #M8WIN #M8WIN,None,1,84
5069,PlayerOne,Mais non ?!? Quelle action !,None,0,84
5071,AldiGamer,Allez les Bleus ! #M8WIN,None,1,84
5079,KCorp_Spy,C'est quoi la musique d'attente ? sur Deezer ?,Deezer,0,84
5079,EsportFan99,M8 à la vie à la mort,None,1,84
5079,EsportFan99,Le son sur Deezer est lourd,Deezer,0,84
5083,SyntaxError,TCL font des bêtes de télé en vrai,TCL,0,84
5084,DeezerEnjoyer,Gg les gars !,None,0,84
5087,DeezerEnjoyer,TCL font des bêtes de télé en vrai,TCL,0,84
5089,DeezerEnjoyer,L'image est trop belle sur mon écran TCL,TCL,0,84
5089,M8_Fan,M8 à la vie à la mort,None,1,84
5091,SyntaxError,TCL font des bêtes de télé en vrai,TCL,0,84
5093,PlayerOne,TCL font des bêtes de télé en vrai,TCL,0,84
5094,SyntaxError,#M8WIN #M8WIN #M8WIN,None,1,84
5096,TCL_Screen,C'est quoi la musique d'attente ? sur Deezer ?,Deezer,0,84
5098,LoL_Lover,M8 domine complètement le match,None,1,84
5099,M8_Fan,ALDI c'est le meilleur sponsor !,ALDI,0,84
5099,EsportFan99,Gg les gars !,None,0,84
5104,DeezerEnjoyer,ALDI c'est le meilleur sponsor !,ALDI,0,85
5106,PlayerOne,Incroyable cette action de Gentle Mates !,None,1,85
5112,TCL_Screen,M8 à la vie à la mort,None,1,85
5113,PlayerOne,Le stream bug non ?,None,0,85
5115,PlayerOne,J'adore le maillot avec le logo ALDI,ALDI,0,85
5116,AldiGamer,Allez les Bleus ! #M8WIN,None,1,85
5118,KCorp_Spy,Gg les gars !,None,0,85
5118,KCorp_Spy,TCL font des bêtes de télé en vrai,TCL,0,85
5118,KCorp_Spy,J'adore le maillot avec le logo ALDI,ALDI,0,85
5121,EsportFan99,Allez les Bleus ! #M8WIN,None,1,85
5122,TCL_Screen,L'image est trop belle sur mon écran TCL,TCL,0,85
5125,LoL_Lover,C'est quoi la musique d'attente ? sur Deezer ?,Deezer,0,85
5130,EsportFan99,Gg les gars !,None,0,85
5130,DeezerEnjoyer,Mais non ?!? Quelle action !,None,0,85
5132,AldiGamer,J'adore le maillot avec le logo ALDI,ALDI,0,85
5134,PlayerOne,Le son sur Deezer est lourd,Deezer,0,85
5134,EsportFan99,Le stream bug non ?,None,0,85
5135,LoL_Lover,L'image est trop belle sur mon écran TCL,TCL,0,85
5135,LoL_Lover,L'image est trop belle sur mon écran TCL,TCL,0,85
5136,DeezerEnjoyer,Allez les Bleus ! #M8WIN,None,1,85
5140,LoL_Lover,Le stream bug non ?,None,0,85
5145,EsportFan99,ALDI c'est le meilleur sponsor !,ALDI,0,85
5146,TCL_Screen,#M8WIN #M8WIN #M8WIN,None,1,85
5150,SyntaxError,Allez les Bleus ! #M8WIN,None,1,85
5150,SyntaxError,M8 à la vie à la mort,None,1,85
5151,AldiGamer,Le stream bug non ?,None,0,85
5154,AldiGamer,J'adore le maillot avec le logo ALDI,ALDI,0,85
5158,AldiGamer,C'est quoi la musique d'attente ? sur Deezer ?,Deezer,0,85
5159,EsportFan99,Le stream bug non ?,None,0,85
5162,EsportFan99,Le stream bug non ?,None,0,86
5165,M8_Fan,L'image est trop belle sur mon écran TCL,TCL,0,86
5165,LoL_Lover,Le son sur Deezer est lourd,Deezer,0,86
5167,AldiGamer,M8 à la vie à la mort,None,1,86
5168,AldiGamer,C'est quoi la musique d'attente ? sur Deezer ?,Deezer,0,86
5169,EsportFan99,Mais non ?!? Quelle action !,None,0,86
5174,EsportFan99,Le son sur Deezer est lourd,Deezer,0,86
5175,KCorp_Spy,Incroyable cette action de Gentle Mates !,None,1,86
5177,EsportFan99,C'est quoi la musique d'attente ? sur Deezer ?,Deezer,0,86
5181,TCL_Screen,M8 domine complètement le match,None,1,86
5183,PlayerOne,Incroyable cette action de Gentle Mates !,None,1,86
5185,AldiGamer,Gg les gars !,None,0,86
5187,KCorp_Spy,C'est quoi la musique d'attente ? sur Deezer ?,Deezer,0,86
5189,TCL_Screen,Mais non ?!? Quelle action !,None,0,86
5192,DeezerEnjoyer,M8 domine complètement le match,None,1,86
5193,EsportFan99,Mais non ?!? Quelle action !,None,0,86
5197,LoL_Lover,L'image est trop belle sur mon écran TCL,TCL,0,86
5198,SyntaxError,#M8WIN #M8WIN #M8WIN,None,1,86
5198,AldiGamer,ALDI c'est le meilleur sponsor !,ALDI,0,86
5200,KCorp_Spy,L'image est trop belle sur mon écran TCL,TCL,0,86
5202,SyntaxError,Mais non ?!? Quelle action !,None,0,86
5204,LoL_Lover,Incroyable cette action de Gentle Mates !,None,1,86
5205,TCL_Screen,Allez les Bleus ! #M8WIN,None,1,86
5209,LoL_Lover,J'adore le maillot avec le logo ALDI,ALDI,0,86
5209,DeezerEnjoyer,Incroyable cette action de Gentle Mates !,None,1,86
5211,SyntaxError,M8 domine complètement le match,None,1,86
5212,DeezerEnjoyer,J'adore le maillot avec le logo ALDI,ALDI,0,86
5214,SyntaxError,Mais non ?!? Quelle action !,None,0,86
5216,KCorp_Spy,#M8WIN #M8WIN #M8WIN,None,1,86
5217,LoL_Lover,Mais non ?!? Quelle action !,None,0,86
5218,DeezerEnjoyer,Mais non ?!? Quelle action !,None,0,86
5221,KCorp_Spy,M8 domine complètement le match,None,1,87
5224,AldiGamer,L'image est trop belle sur mon écran TCL,TCL,0,87
5225,PlayerOne,J'adore le maillot avec le logo ALDI,ALDI,0,87
5229,AldiGamer,Le son sur Deezer est lourd,Deezer,0,87
5231,M8_Fan,Incroyable cette action de Gentle Mates !,None,1,87
5233,TCL_Screen,C'est quoi la musique d'attente ? sur Deezer ?,Deezer,0,87
5234,SyntaxError,Mais non ?!? Quelle action !,None,0,87
5234,PlayerOne,C'est quoi la musique d'attente ? sur Deezer ?,Deezer,0,87
5234,TCL_Screen,ALDI c'est le meilleur sponsor !,ALDI,0,87
5236,EsportFan99,#M8WIN #M8WIN #M8WIN,None,1,87
5237,EsportFan99,Le son sur Deezer est lourd,Deezer,0,87
5237,EsportFan99,Le stream bug non ?,None,0,87
5238,M8_Fan,J'adore le maillot avec le logo ALDI,ALDI,0,87
5241,AldiGamer,TCL font des bêtes de télé en vrai,TCL,0,87
5244,EsportFan99,#M8WIN #M8WIN #M8WIN,None,1,87
5244,AldiGamer,Allez les Bleus ! #M8WIN,None,1,87
5248,DeezerEnjoyer,#M8WIN #M8WIN #M8WIN,None,1,87
5248,EsportFan99,Le stream bug non ?,None,0,87
5250,SyntaxError,Gg les gars !,None,0,87
5251,LoL_Lover,ALDI c'est le meilleur sponsor !,ALDI,0,87
5253,DeezerEnjoyer,J'adore le maillot avec le logo ALDI,ALDI,0,87
5253,DeezerEnjoyer,M8 domine complètement le match,None,1,87
5255,M8_Fan,M8 domine complètement le match,None,1,87
5256,LoL_Lover,#M8WIN #M8WIN #M8WIN,None,1,87
5258,PlayerOne,Allez les Bleus ! #M8WIN,None,1,87
5263,PlayerOne,C'est quoi la musique d'attente ? sur Deezer ?,Deezer,0,87
5264,DeezerEnjoyer,TCL font des bêtes de télé en vrai,TCL,0,87
5266,TCL_Screen,Allez les Bleus ! #M8WIN,None,1,87
5267,LoL_Lover,Mais non ?!? Quelle action !,None,0,87
5269,EsportFan99,#M8WIN #M8WIN #M8WIN,None,1,87
5269,SyntaxError,Incroyable cette action de Gentle Mates !,None,1,87
5271,LoL_Lover,J'adore le maillot avec le logo ALDI,ALDI,0,87
5274,M8_Fan,Le stream bug non ?,None,0,87
5282,SyntaxError,L'image est trop belle sur mon écran TCL,TCL,0,88
5288,M8_Fan,Gg les gars !,None,0,88
5288,EsportFan99,Allez les Bleus ! #M8WIN,None,1,88
5295,AldiGamer,Gg les gars !,None,0,88
5300,LoL_Lover,L'image est trop belle sur mon écran TCL,TCL,0,88
5302,KCorp_Spy,Le son sur Deezer est lourd,Deezer,0,88
5302,LoL_Lover,Incroyable cette action de Gentle Mates !,None,1,88
5304,TCL_Screen,L'image est trop belle sur mon écran TCL,TCL,0,88
5304,AldiGamer,TCL font des bêtes de télé en vrai,TCL,0,88
5305,M8_Fan,Incroyable cette action de Gentle Mates !,None,1,88
5305,LoL_Lover,Incroyable cette action de Gentle Mates !,None,1,88
5308,SyntaxError,ALDI c'est le meilleur sponsor !,ALDI,0,88
5309,LoL_Lover,Allez les Bleus ! #M8WIN,None,1,88
5309,SyntaxError,#M8WIN #M8WIN #M8WIN,None,1,88
5314,M8_Fan,J'adore le maillot avec le logo ALDI,ALDI,0,88
5317,SyntaxError,Incroyable cette action de Gentle Mates !,None,1,88
5317,DeezerEnjoyer,L'image est trop belle sur mon écran TCL,TCL,0,88
5317,KCorp_Spy,Allez les Bleus ! #M8WIN,None,1,88
5319,DeezerEnjoyer,Incroyable cette action de Gentle Mates !,None,1,88
5320,AldiGamer,ALDI c'est le meilleur sponsor !,ALDI,0,88
5324,AldiGamer,Incroyable cette action de Gentle Mates !,None,1,88
5326,TCL_Screen,Gg les gars !,None,0,88
5332,EsportFan99,#M8WIN #M8WIN #M8WIN,None,1,88
5332,SyntaxError,C'est quoi la musique d'attente ? sur Deezer ?,Deezer,0,88
5334,DeezerEnjoyer,M8 à la vie à la mort,None,1,88
5335,EsportFan99,Mais non ?!? Quelle action !,None,0,88
5335,SyntaxError,L'image est trop belle sur mon écran TCL,TCL,0,88
5336,DeezerEnjoyer,Mais non ?!? Quelle action !,None,0,88
5336,DeezerEnjoyer,J'adore le maillot avec le logo ALDI,ALDI,0,88
5338,TCL_Screen,Le son sur Deezer est lourd,Deezer,0,88
5340,DeezerEnjoyer,Gg les gars !,None,0,89
5341,SyntaxError,C'est quoi la musique d'attente ? sur Deezer ?,Deezer,0,89
5342,M8_Fan,Le stream bug non ?,None,0,89
5344,PlayerOne,Mais non ?!? Quelle action !,None,0,89
5344,DeezerEnjoyer,M8 à la vie à la mort,None,1,89
5346,KCorp_Spy,Gg les gars !,None,0,89
5348,SyntaxError,C'est quoi la musique d'attente ? sur Deezer ?,Deezer,0,89
5350,AldiGamer,Le stream bug non ?,None,0,89
5350,LoL_Lover,Gg les gars !,None,0,89
5352,EsportFan99,J'adore le maillot avec le logo ALDI,ALDI,0,89
5354,AldiGamer,Mais non ?!? Quelle action !,None,0,89
5355,LoL_Lover,L'image est trop belle sur mon écran TCL,TCL,0,89
5355,DeezerEnjoyer,Le stream bug non ?,None,0,89
5355,KCorp_Spy,M8 à la vie à la mort,None,1,89
5356,LoL_Lover,Incroyable cette action de Gentle Mates !,None,1,89
5356,SyntaxError,Allez les Bleus ! #M8WIN,None,1,89
5356,DeezerEnjoyer,M8 à la vie à la mort,None,1,89
5356,LoL_Lover,M8 domine complètement le match,None,1,89
5360,AldiGamer,L'image est trop belle sur mon écran TCL,TCL,0,89
5365,PlayerOne,Le son sur Deezer est lourd,Deezer,0,89
5368,AldiGamer,Incroyable cette action de Gentle Mates !,None,1,89
5370,SyntaxError,Allez les Bleus ! #M8WIN,None,1,89
5371,M8_Fan,Allez les Bleus ! #M8WIN,None,1,89
5372,EsportFan99,ALDI c'est le meilleur sponsor !,ALDI,0,89
5373,M8_Fan,Le stream bug non ?,None,0,89
5378,DeezerEnjoyer,Incroyable cette action de Gentle Mates !,None,1,89
5379,EsportFan99,TCL font des bêtes de télé en vrai,TCL,0,89
5381,AldiGamer,M8 à la vie à la mort,None,1,89
5381,EsportFan99,Mais non ?!? Quelle action !,None,0,89
5383,SyntaxError,C'est quoi la musique d'attente ? sur Deezer ?,Deezer,0,89
5390,AldiGamer,L'image est trop belle sur mon écran TCL,TCL,0,89
5390,SyntaxError,L'image est trop belle sur mon écran TCL,TCL,0,89
5393,SyntaxError,#M8WIN #M8WIN #M8WIN,None,1,89
5394,PlayerOne,Gg les gars !,None,0,89
5398,PlayerOne,TCL font des bêtes de télé en vrai,TCL,0,89
5402,EsportFan99,Allez les Bleus ! #M8WIN,None,1,90
5404,DeezerEnjoyer,Incroyable cette action de Gentle Mates !,None,1,90
5405,M8_Fan,#M8WIN #M8WIN #M8WIN,None,1,90
5412,LoL_Lover,ALDI c'est le meilleur sponsor !,ALDI,0,90
5415,LoL_Lover,L'image est trop belle sur mon écran TCL,TCL,0,90
5418,SyntaxError,TCL font des bêtes de télé en vrai,TCL,0,90
5423,SyntaxError,Le stream bug non ?,None,0,90
5426,AldiGamer,M8 à la vie à la mort,None,1,90
5427,KCorp_Spy,Allez les Bleus ! #M8WIN,None,1,90
5429,KCorp_Spy,Le stream bug non ?,None,0,90
5429,PlayerOne,ALDI c'est le meilleur sponsor !,ALDI,0,90
5430,M8_Fan,Allez les Bleus ! #M8WIN,None,1,90
5431,DeezerEnjoyer,Le stream bug non ?,None,0,90
5432,TCL_Screen,Mais non ?!? Quelle action !,None,0,90
5433,LoL_Lover,J'adore le maillot avec le logo ALDI,ALDI,0,90
5433,SyntaxError,Le son sur Deezer est lourd,Deezer,0,90
5435,M8_Fan,Mais non ?!? Quelle action !,None,0,90
5436,KCorp_Spy,#M8WIN #M8WIN #M8WIN,None,1,90
5439,LoL_Lover,Le stream bug non ?,None,0,90
5439,TCL_Screen,Gg les gars !,None,0,90
5440,M8_Fan,ALDI c'est le meilleur sponsor !,ALDI,0,90
5440,KCorp_Spy,M8 domine complètement le match,None,1,90
5441,KCorp_Spy,Incroyable cette action de Gentle Mates !,None,1,90
5446,AldiGamer,C'est quoi la musique d'attente ? sur Deezer ?,Deezer,0,90
5456,DeezerEnjoyer,M8 à la vie à la mort,None,1,90
5456,EsportFan99,Incroyable cette action de Gentle Mates !,None,1,90
5457,AldiGamer,M8 à la vie à la mort,None,1,90
5458,EsportFan99,Gg les gars !,None,0,90
5458,KCorp_Spy,#M8WIN #M8WIN #M8WIN,None,1,90
5458,DeezerEnjoyer,Allez les Bleus ! #M8WIN,None,1,90
5460,SyntaxError,Gg les gars !,None,0,91
5463,LoL_Lover,Le son sur Deezer est lourd,Deezer,0,91
5471,TCL_Screen,Le son sur Deezer est lourd,Deezer,0,91
5472,M8_Fan,TCL font des bêtes de télé en vrai,TCL,0,91
5473,KCorp_Spy,Gg les gars !,None,0,91
5474,M8_Fan,C'est quoi la musique d'attente ? sur Deezer ?,Deezer,0,91
5476,M8_Fan,Incroyable cette action de Gentle Mates !,None,1,91
5477,DeezerEnjoyer,Mais non ?!? Quelle action !,None,0,91
5478,AldiGamer,Mais non ?!? Quelle action !,None,0,91
5479,LoL_Lover,ALDI c'est le meilleur sponsor !,ALDI,0,91
5481,PlayerOne,M8 domine complètement le match,None,1,91
5491,EsportFan99,Gg les gars !,None,0,91
5492,M8_Fan,#M8WIN #M8WIN #M8WIN,None,1,91
5493,TCL_Screen,Gg les gars !,None,0,91
5499,TCL_Screen,Gg les gars !,None,0,91
5502,DeezerEnjoyer,Le son sur Deezer est lourd,Deezer,0,91
5503,M8_Fan,#M8WIN #M8WIN #M8WIN,None,1,91
5505,TCL_Screen,C'est quoi la musique d'attente ? sur Deezer ?,Deezer,0,91
5506,EsportFan99,#M8WIN #M8WIN #M8WIN,None,1,91
5509,TCL_Screen,Gg les gars !,None,0,91
5512,KCorp_Spy,Allez les Bleus ! #M8WIN,None,1,91
5512,LoL_Lover,M8 domine complètement le match,None,1,91
5517,SyntaxError,Le son sur Deezer est lourd,Deezer,0,91
5519,AldiGamer,M8 domine complètement le match,None,1,91
5522,EsportFan99,L'image est trop belle sur mon écran TCL,TCL,0,92
5523,PlayerOne,M8 à la vie à la mort,None,1,92
5523,DeezerEnjoyer,Incroyable cette action de Gentle Mates !,None,1,92
5533,PlayerOne,J'adore le maillot avec le logo ALDI,ALDI,0,92
5534,DeezerEnjoyer,M8 domine complètement le match,None,1,92
5537,KCorp_Spy,Le stream bug non ?,None,0,92
5544,PlayerOne,M8 à la vie à la mort,None,1,92
5545,M8_Fan,TCL font des bêtes de télé en vrai,TCL,0,92
5546,SyntaxError,Gg les gars !,None,0,92
5551,EsportFan99,#M8WIN #M8WIN #M8WIN,None,1,92
5551,DeezerEnjoyer,Incroyable cette action de Gentle Mates !,None,1,92
5554,M8_Fan,#M8WIN #M8WIN #M8WIN,None,1,92
5555,EsportFan99,M8 à la vie à la mort,None,1,92
5556,PlayerOne,J'adore le maillot avec le logo ALDI,ALDI,0,92
5557,KCorp_Spy,Le son sur Deezer est lourd,Deezer,0,92
5558,KCorp_Spy,ALDI c'est le meilleur sponsor !,ALDI,0,92
5560,KCorp_Spy,M8 à la vie à la mort,None,1,92
5560,LoL_Lover,C'est quoi la musique d'attente ? sur Deezer ?,Deezer,0,92
5564,KCorp_Spy,Incroyable cette action de Gentle Mates !,None,1,92
5571,DeezerEnjoyer,M8 domine complètement le match,None,1,92
5571,TCL_Screen,#M8WIN #M8WIN #M8WIN,None,1,92
5572,DeezerEnjoyer,Incroyable cette action de Gentle Mates !,None,1,92
5573,AldiGamer,J'adore le maillot avec le logo ALDI,ALDI,0,92
5574,TCL_Screen,Le son sur Deezer est lourd,Deezer,0,92
5575,TCL_Screen,M8 à la vie à la mort,None,1,92
5577,M8_Fan,L'image est trop belle sur mon écran TCL,TCL,0,92
5577,DeezerEnjoyer,Incroyable cette action de Gentle Mates !,None,1,92
5579,TCL_Screen,M8 à la vie à la mort,None,1,92
5587,SyntaxError,ALDI c'est le meilleur sponsor !,ALDI,0,93
5588,LoL_Lover,M8 à la vie à la mort,None,1,93
5592,AldiGamer,L'image est trop belle sur mon écran TCL,TCL,0,93
5595,PlayerOne,M8 domine complètement le match,None,1,93
5595,AldiGamer,Allez les Bleus ! #M8WIN,None,1,93
5596,DeezerEnjoyer,Gg les gars !,None,0,93
5598,AldiGamer,Le son sur Deezer est lourd,Deezer,0,93
5602,KCorp_Spy,J'adore le maillot avec le logo ALDI,ALDI,0,93
5605,AldiGamer,Gg les gars !,None,0,93
5607,SyntaxError,Le son sur Deezer est lourd,Deezer,0,93
5609,M8_Fan,L'image est trop belle sur mon écran TCL,TCL,0,93
5620,TCL_Screen,Le stream bug non ?,None,0,93
5624,SyntaxError,TCL font des bêtes de télé en vrai,TCL,0,93
5625,TCL_Screen,Allez les Bleus ! #M8WIN,None,1,93
5625,PlayerOne,M8 à la vie à la mort,None,1,93
5632,KCorp_Spy,M8 domine complètement le match,None,1,93
5641,SyntaxError,ALDI c'est le meilleur sponsor !,ALDI,0,94
5647,TCL_Screen,J'adore le maillot avec le logo ALDI,ALDI,0,94
5656,TCL_Screen,C'est quoi la musique d'attente ? sur Deezer ?,Deezer,0,94
5656,TCL_Screen,M8 à la vie à la mort,None,1,94
5657,TCL_Screen,Gg les gars !,None,0,94
5658,SyntaxError,Incroyable cette action de Gentle Mates !,None,1,94
5660,TCL_Screen,L'image est trop belle sur mon écran TCL,TCL,0,94
5660,AldiGamer,M8 domine complètement le match,None,1,94
5661,PlayerOne,M8 domine complètement le match,None,1,94
5664,DeezerEnjoyer,Gg les gars !,None,0,94
5672,M8_Fan,Gg les gars !,None,0,94
5673,M8_Fan,TCL font des bêtes de télé en vrai,TCL,0,94
5674,SyntaxError,Le son sur Deezer est lourd,Deezer,0,94
5675,PlayerOne,C'est quoi la musique d'attente ? sur Deezer ?,Deezer,0,94
5681,TCL_Screen,M8 domine complètement le match,None,1,94
5682,SyntaxError,Le stream bug non ?,None,0,94
5684,AldiGamer,M8 à la vie à la mort,None,1,94
5684,AldiGamer,J'adore le maillot avec le logo ALDI,ALDI,0,94
5687,AldiGamer,M8 domine complètement le match,None,1,94
5693,TCL_Screen,#M8WIN #M8WIN #M8WIN,None,1,94
5694,AldiGamer,Le son sur Deezer est lourd,Deezer,0,94
5698,AldiGamer,C'est quoi la musique d'attente ? sur Deezer ?,Deezer,0,94
5700,DeezerEnjoyer,J'adore le maillot avec le logo ALDI,ALDI,0,95
5702,M8_Fan,C'est quoi la musique d'attente ? sur Deezer ?,Deezer,0,95
5703,DeezerEnjoyer,J'adore le maillot avec le logo ALDI,ALDI,0,95
5708,LoL_Lover,M8 domine complètement le match,None,1,95
5709,M8_Fan,Le son sur Deezer est lourd,Deezer,0,95
5709,TCL_Screen,L'image est trop belle sur mon écran TCL,TCL,0,95
5710,DeezerEnjoyer,M8 à la vie à la mort,None,1,95
5713,EsportFan99,Mais non ?!? Quelle action !,None,0,95
5714,EsportFan99,Mais non ?!? Quelle action !,None,0,95
5716,DeezerEnjoyer,Mais non ?!? Quelle action !,None,0,95
5716,SyntaxError,TCL font des bêtes de télé en vrai,TCL,0,95
5716,EsportFan99,M8 domine complètement le match,None,1,95
5716,DeezerEnjoyer,Le stream bug non ?,None,0,95
5720,PlayerOne,Mais non ?!? Quelle action !,None,0,95
5722,PlayerOne,Incroyable cette action de Gentle Mates !,None,1,95
5728,TCL_Screen,M8 domine complètement le match,None,1,95
5729,DeezerEnjoyer,Mais non ?!? Quelle action !,None,0,95
5730,KCorp_Spy,ALDI c'est le meilleur sponsor !,ALDI,0,95
5730,SyntaxError,TCL font des bêtes de télé en vrai,TCL,0,95
5734,KCorp_Spy,Mais non ?!? Quelle action !,None,0,95
5735,PlayerOne,Le stream bug non ?,None,0,95
5739,TCL_Screen,Allez les Bleus ! #M8WIN,None,1,95
5742,DeezerEnjoyer,#M8WIN #M8WIN #M8WIN,None,1,95
5747,KCorp_Spy,Gg les gars !,None,0,95
5748,AldiGamer,Incroyable cette action de Gentle Mates !,None,1,95
5748,KCorp_Spy,ALDI c'est le meilleur sponsor !,ALDI,0,95
5763,EsportFan99,Gg les gars !,None,0,96
5765,PlayerOne,ALDI c'est le meilleur sponsor !,ALDI,0,96
5766,EsportFan99,L'image est trop belle sur mon écran TCL,TCL,0,96
5766,LoL_Lover,Le son sur Deezer est lourd,Deezer,0,96
5768,M8_Fan,Allez les Bleus ! #M8WIN,None,1,96
5779,LoL_Lover,ALDI c'est le meilleur sponsor !,ALDI,0,96
5781,TCL_Screen,Gg les gars !,None,0,96
5782,DeezerEnjoyer,Le son sur Deezer est lourd,Deezer,0,96
5782,DeezerEnjoyer,Incroyable cette action de Gentle Mates !,None,1,96
5783,DeezerEnjoyer,M8 à la vie à la mort,None,1,96
5785,KCorp_Spy,C'est quoi la musique d'attente ? sur Deezer ?,Deezer,0,96
5791,TCL_Screen,Incroyable cette action de Gentle Mates !,None,1,96
5796,PlayerOne,Le son sur Deezer est lourd,Deezer,0,96
5796,EsportFan99,L'image est trop belle sur mon écran TCL,TCL,0,96
5796,SyntaxError,#M8WIN #M8WIN #M8WIN,None,1,96
5796,PlayerOne,Allez les Bleus ! #M8WIN,None,1,96
5801,AldiGamer,L'image est trop belle sur mon écran TCL,TCL,0,96
5806,SyntaxError,M8 à la vie à la mort,None,1,96
5807,TCL_Screen,Gg les gars !,None,0,96
5810,AldiGamer,Le son sur Deezer est lourd,Deezer,0,96
5812,LoL_Lover,TCL font des bêtes de télé en vrai,TCL,0,96
5813,SyntaxError,TCL font des bêtes de télé en vrai,TCL,0,96
5816,M8_Fan,Incroyable cette action de Gentle Mates !,None,1,96
5816,TCL_Screen,J'adore le maillot avec le logo ALDI,ALDI,0,96
5817,M8_Fan,Le stream bug non ?,None,0,96
5824,PlayerOne,Gg les gars !,None,0,97
5828,M8_Fan,L'image est trop belle sur mon écran TCL,TCL,0,97
5828,AldiGamer,M8 domine complètement le match,None,1,97
5831,SyntaxError,M8 domine complètement le match,None,1,97
5831,LoL_Lover,J'adore le maillot avec le logo ALDI,ALDI,0,97
5838,DeezerEnjoyer,L'image est trop belle sur mon écran TCL,TCL,0,97
5838,KCorp_Spy,ALDI c'est le meilleur sponsor !,ALDI,0,97
5840,KCorp_Spy,Gg les gars !,None,0,97
5844,DeezerEnjoyer,Le stream bug non ?,None,0,97
5851,DeezerEnjoyer,C'est quoi la musique d'attente ? sur Deezer ?,Deezer,0,97
5854,AldiGamer,Le stream bug non ?,None,0,97
5854,M8_Fan,Gg les gars !,None,0,97
5855,PlayerOne,C'est quoi la musique d'attente ? sur Deezer ?,Deezer,0,97
5855,PlayerOne,ALDI c'est le meilleur sponsor !,ALDI,0,97
5859,PlayerOne,C'est quoi la musique d'attente ? sur Deezer ?,Deezer,0,97
5867,KCorp_Spy,Le son sur Deezer est lourd,Deezer,0,97
5871,TCL_Screen,Mais non ?!? Quelle action !,None,0,97
5878,KCorp_Spy,Le son sur Deezer est lourd,Deezer,0,97
5878,TCL_Screen,Le son sur Deezer est lourd,Deezer,0,97
5880,SyntaxError,Le stream bug non ?,None,0,98
5881,LoL_Lover,Mais non ?!? Quelle action !,None,0,98
5881,EsportFan99,#M8WIN #M8WIN #M8WIN,None,1,98
5881,TCL_Screen,M8 à la vie à la mort,None,1,98
5882,LoL_Lover,Le son sur Deezer est lourd,Deezer,0,98
5884,DeezerEnjoyer,C'est quoi la musique d'attente ? sur Deezer ?,Deezer,0,98
5885,LoL_Lover,Gg les gars !,None,0,98
5886,M8_Fan,#M8WIN #M8WIN #M8WIN,None,1,98
5891,TCL_Screen,#M8WIN #M8WIN #M8WIN,None,1,98
5893,LoL_Lover,Mais non ?!? Quelle action !,None,0,98
5895,DeezerEnjoyer,C'est quoi la musique d'attente ? sur Deezer ?,Deezer,0,98
5898,KCorp_Spy,C'est quoi la musique d'attente ? sur Deezer ?,Deezer,0,98
5901,TCL_Screen,J'adore le maillot avec le logo ALDI,ALDI,0,98
5901,AldiGamer,M8 à la vie à la mort,None,1,98
5902,KCorp_Spy,M8 à la vie à la mort,None,1,98
5903,TCL_Screen,M8 à la vie à la mort,None,1,98
5903,SyntaxError,Le son sur Deezer est lourd,Deezer,0,98
5907,M8_Fan,Le son sur Deezer est lourd,Deezer,0,98
5907,M8_Fan,ALDI c'est le meilleur sponsor !,ALDI,0,98
5915,PlayerOne,Gg les gars !,None,0,98
5916,SyntaxError,J'adore le maillot avec le logo ALDI,ALDI,0,98
5917,AldiGamer,Allez les Bleus ! #M8WIN,None,1,98
5919,AldiGamer,J'adore le maillot avec le logo ALDI,ALDI,0,98
5927,KCorp_Spy,#M8WIN #M8WIN #M8WIN,None,1,98
5929,AldiGamer,L'image est trop belle sur mon écran TCL,TCL,0,98
5934,SyntaxError,ALDI c'est le meilleur sponsor !,ALDI,0,98
5935,EsportFan99,C'est quoi la musique d'attente ? sur Deezer ?,Deezer,0,98
5942,SyntaxError,Incroyable cette action de Gentle Mates !,None,1,99
5942,TCL_Screen,TCL font des bêtes de télé en vrai,TCL,0,99
5944,TCL_Screen,#M8WIN #M8WIN #M8WIN,None,1,99
5944,KCorp_Spy,M8 domine complètement le match,None,1,99
5947,AldiGamer,L'image est trop belle sur mon écran TCL,TCL,0,99
5948,AldiGamer,L'image est trop belle sur mon écran TCL,TCL,0,99
5950,KCorp_Spy,Gg les gars !,None,0,99
5955,M8_Fan,M8 à la vie à la mort,None,1,99
5957,SyntaxError,Gg les gars !,None,0,99
5961,M8_Fan,M8 domine complètement le match,None,1,99
5965,LoL_Lover,Mais non ?!? Quelle action !,None,0,99
5967,EsportFan99,Gg les gars !,None,0,99
5968,TCL_Screen,Le son sur Deezer est lourd,Deezer,0,99
5976,TCL_Screen,ALDI c'est le meilleur sponsor !,ALDI,0,99
5977,M8_Fan,Gg les gars !,None,0,99
5980,TCL_Screen,M8 domine complètement le match,None,1,99
5981,TCL_Screen,ALDI c'est le meilleur sponsor !,ALDI,0,99
5982,KCorp_Spy,Allez les Bleus ! #M8WIN,None,1,99
5983,KCorp_Spy,J'adore le maillot avec le logo ALDI,ALDI,0,99
5999,KCorp_Spy,C'est quoi la musique d'attente ? sur Deezer ?,Deezer,0,99
5999,SyntaxError,ALDI c'est le meilleur sponsor !,ALDI,0,99
6003,SyntaxError,ALDI c'est le meilleur sponsor !,ALDI,0,100
6004,M8_Fan,Le stream bug non ?,None,0,100
6005,M8_Fan,Mais non ?!? Quelle action !,None,0,100
6005,TCL_Screen,Gg les gars !,None,0,100
6007,LoL_Lover,Incroyable cette action de Gentle Mates !,None,1,100
6008,PlayerOne,Le stream bug non ?,None,0,100
6008,KCorp_Spy,Allez les Bleus ! #M8WIN,None,1,100
6009,PlayerOne,Le stream bug non ?,None,0,100
6012,DeezerEnjoyer,#M8WIN #M8WIN #M8WIN,None,1,100
6012,KCorp_Spy,Mais non ?!? Quelle action !,None,0,100
6014,LoL_Lover,Mais non ?!? Quelle action !,None,0,100
6016,DeezerEnjoyer,ALDI c'est le meilleur sponsor !,ALDI,0,100
6022,PlayerOne,Incroyable cette action de Gentle Mates !,None,1,100
6023,KCorp_Spy,ALDI c'est le meilleur sponsor !,ALDI,0,100
6025,LoL_Lover,C'est quoi la musique d'attente ? sur Deezer ?,Deezer,0,100
6025,SyntaxError,M8 domine complètement le match,None,1,100
6027,PlayerOne,Incroyable cette action de Gentle Mates !,None,1,100
6028,AldiGamer,TCL font des bêtes de télé en vrai,TCL,0,100
6029,M8_Fan,Gg les gars !,None,0,100
6031,AldiGamer,Incroyable cette action de Gentle Mates !,None,1,100
6040,KCorp_Spy,TCL font des bêtes de télé en vrai,TCL,0,100
6042,EsportFan99,ALDI c'est le meilleur sponsor !,ALDI,0,100
6043,M8_Fan,ALDI c'est le meilleur sponsor !,ALDI,0,100
6046,AldiGamer,M8 domine complètement le match,None,1,100
6046,PlayerOne,TCL font des bêtes de télé en vrai,TCL,0,100
6049,AldiGamer,Le stream bug non ?,None,0,100
6052,TCL_Screen,M8 à la vie à la mort,None,1,100
6052,TCL_Screen,L'image est trop belle sur mon écran TCL,TCL,0,100
6053,LoL_Lover,M8 domine complètement le match,None,1,100
6054,AldiGamer,M8 à la vie à la mort,None,1,100
6055,KCorp_Spy,Incroyable cette action de Gentle Mates !,None,1,100
6063,AldiGamer,C'est quoi la musique d'attente ? sur Deezer ?,Deezer,0,101
6064,TCL_Screen,Mais non ?!? Quelle action !,None,0,101
6064,LoL_Lover,Gg les gars !,None,0,101
6068,SyntaxError,TCL font des bêtes de télé en vrai,TCL,0,101
6070,AldiGamer,M8 à la vie à la mort,None,1,101
6075,LoL_Lover,J'adore le maillot avec le logo ALDI,ALDI,0,101
6076,AldiGamer,Le son sur Deezer est lourd,Deezer,0,101
6077,M8_Fan,M8 domine complètement le match,None,1,101
6081,EsportFan99,TCL font des bêtes de télé en vrai,TCL,0,101
6083,TCL_Screen,#M8WIN #M8WIN #M8WIN,None,1,101
6086,EsportFan99,J'adore le maillot avec le logo ALDI,ALDI,0,101
6087,SyntaxError,Mais non ?!? Quelle action !,None,0,101
6088,M8_Fan,Mais non ?!? Quelle action !,None,0,101
6089,DeezerEnjoyer,#M8WIN #M8WIN #M8WIN,None,1,101
6090,TCL_Screen,M8 domine complètement le match,None,1,101
6090,EsportFan99,M8 domine complètement le match,None,1,101
6092,EsportFan99,Allez les Bleus ! #M8WIN,None,1,101
6093,KCorp_Spy,M8 domine complètement le match,None,1,101
6095,AldiGamer,J'adore le maillot avec le logo ALDI,ALDI,0,101
6096,M8_Fan,J'adore le maillot avec le logo ALDI,ALDI,0,101
6097,PlayerOne,Le stream bug non ?,None,0,101
6097,M8_Fan,#M8WIN #M8WIN #M8WIN,None,1,101
6099,LoL_Lover,Gg les gars !,None,0,101
6103,EsportFan99,Mais non ?!? Quelle action !,None,0,101
6105,SyntaxError,ALDI c'est le meilleur sponsor !,ALDI,0,101
6106,PlayerOne,Allez les Bleus ! #M8WIN,None,1,101
6107,SyntaxError,Mais non ?!? Quelle action !,None,0,101
6113,M8_Fan,Allez les Bleus ! #M8WIN,None,1,101
6114,LoL_Lover,Allez les Bleus ! #M8WIN,None,1,101
6117,LoL_Lover,Le son sur Deezer est lourd,Deezer,0,101
6118,PlayerOne,Incroyable cette action de Gentle Mates !,None,1,101
6120,AldiGamer,Incroyable cette action de Gentle Mates !,None,1,102
6125,AldiGamer,#M8WIN #M8WIN #M8WIN,None,1,102
6126,KCorp_Spy,M8 à la vie à la mort,None,1,102
6126,SyntaxError,C'est quoi la musique d'attente ? sur Deezer ?,Deezer,0,102
6128,SyntaxError,Mais non ?!? Quelle action !,None,0,102
6131,SyntaxError,Incroyable cette action de Gentle Mates !,None,1,102
6132,SyntaxError,L'image est trop belle sur mon écran TCL,TCL,0,102
6136,PlayerOne,M8 à la vie à la mort,None,1,102
6136,PlayerOne,M8 à la vie à la mort,None,1,102
6137,KCorp_Spy,Le son sur Deezer est lourd,Deezer,0,102
6138,SyntaxError,TCL font des bêtes de télé en vrai,TCL,0,102
6140,EsportFan99,#M8WIN #M8WIN #M8WIN,None,1,102
6142,DeezerEnjoyer,Mais non ?!? Quelle action !,None,0,102
6144,SyntaxError,Mais non ?!? Quelle action !,None,0,102
6148,LoL_Lover,Le stream bug non ?,None,0,102
6148,SyntaxError,Allez les Bleus ! #M8WIN,None,1,102
6149,DeezerEnjoyer,TCL font des bêtes de télé en vrai,TCL,0,102
6156,PlayerOne,Incroyable cette action de Gentle Mates !,None,1,102
6163,DeezerEnjoyer,ALDI c'est le meilleur sponsor !,ALDI,0,102
6166,AldiGamer,J'adore le maillot avec le logo ALDI,ALDI,0,102
6166,DeezerEnjoyer,Gg les gars !,None,0,102
6167,AldiGamer,Incroyable cette action de Gentle Mates !,None,1,102
6168,LoL_Lover,Gg les gars !,None,0,102
6170,DeezerEnjoyer,TCL font des bêtes de télé en vrai,TCL,0,102
6170,M8_Fan,M8 à la vie à la mort,None,1,102
6173,SyntaxError,#M8WIN #M8WIN #M8WIN,None,1,102
6174,AldiGamer,#M8WIN #M8WIN #M8WIN,None,1,102
6175,KCorp_Spy,Incroyable cette action de Gentle Mates !,None,1,102
6175,LoL_Lover,Allez les Bleus ! #M8WIN,None,1,102
6176,AldiGamer,M8 domine complètement le match,None,1,102
6176,DeezerEnjoyer,Incroyable cette action de Gentle Mates !,None,1,102
6178,TCL_Screen,M8 domine complètement le match,None,1,102
6182,EsportFan99,#M8WIN #M8WIN #M8WIN,None,1,103
6185,TCL_Screen,L'image est trop belle sur mon écran TCL,TCL,0,103
6188,AldiGamer,Allez les Bleus ! #M8WIN,None,1,103
6188,EsportFan99,C'est quoi la musique d'attente ? sur Deezer ?,Deezer,0,103
6194,DeezerEnjoyer,ALDI c'est le meilleur sponsor !,ALDI,0,103
6201,DeezerEnjoyer,M8 domine complètement le match,None,1,103
6205,DeezerEnjoyer,M8 à la vie à la mort,None,1,103
6207,PlayerOne,M8 domine complètement le match,None,1,103
6210,LoL_Lover,ALDI c'est le meilleur sponsor !,ALDI,0,103
6211,AldiGamer,Mais non ?!? Quelle action !,None,0,103
6211,AldiGamer,ALDI c'est le meilleur sponsor !,ALDI,0,103
6214,SyntaxError,Le stream bug non ?,None,0,103
6216,DeezerEnjoyer,C'est quoi la musique d'attente ? sur Deezer ?,Deezer,0,103
6217,LoL_Lover,J'adore le maillot avec le logo ALDI,ALDI,0,103
6218,AldiGamer,ALDI c'est le meilleur sponsor !,ALDI,0,103
6218,TCL_Screen,Gg les gars !,None,0,103
6218,EsportFan99,L'image est trop belle sur mon écran TCL,TCL,0,103
6226,KCorp_Spy,C'est quoi la musique d'attente ? sur Deezer ?,Deezer,0,103
6226,LoL_Lover,M8 domine complètement le match,None,1,103
6228,SyntaxError,L'image est trop belle sur mon écran TCL,TCL,0,103
6230,TCL_Screen,Le stream bug non ?,None,0,103
6232,LoL_Lover,Le stream bug non ?,None,0,103
6232,KCorp_Spy,Mais non ?!? Quelle action !,None,0,103
6234,PlayerOne,M8 à la vie à la mort,None,1,103
6237,KCorp_Spy,Mais non ?!? Quelle action !,None,0,103
6238,LoL_Lover,Le stream bug non ?,None,0,103
6238,SyntaxError,TCL font des bêtes de télé en vrai,TCL,0,103
6241,LoL_Lover,Mais non ?!? Quelle action !,None,0,104
6241,AldiGamer,#M8WIN #M8WIN #M8WIN,None,1,104
6248,SyntaxError,Mais non ?!? Quelle action !,None,0,104
6249,DeezerEnjoyer,Mais non ?!? Quelle action !,None,0,104
6252,SyntaxError,Le son sur Deezer est lourd,Deezer,0,104
6254,EsportFan99,Le son sur Deezer est lourd,Deezer,0,104
6257,AldiGamer,M8 à la vie à la mort,None,1,104
6258,AldiGamer,Le stream bug non ?,None,0,104
6264,LoL_Lover,L'image est trop belle sur mon écran TCL,TCL,0,104
6265,EsportFan99,Le stream bug non ?,None,0,104
6268,LoL_Lover,M8 à la vie à la mort,None,1,104
6269,KCorp_Spy,J'adore le maillot avec le logo ALDI,ALDI,0,104
6269,LoL_Lover,Incroyable cette action de Gentle Mates !,None,1,104
6269,TCL_Screen,J'adore le maillot avec le logo ALDI,ALDI,0,104
6270,LoL_Lover,Mais non ?!? Quelle action !,None,0,104
6274,M8_Fan,Allez les Bleus ! #M8WIN,None,1,104
6278,SyntaxError,TCL font des bêtes de télé en vrai,TCL,0,104
6282,TCL_Screen,M8 à la vie à la mort,None,1,104
6283,EsportFan99,Le son sur Deezer est lourd,Deezer,0,104
6283,M8_Fan,J'adore le maillot avec le logo ALDI,ALDI,0,104
6285,LoL_Lover,M8 à la vie à la mort,None,1,104
6285,EsportFan99,J'adore le maillot avec le logo ALDI,ALDI,0,104
6287,TCL_Screen,Incroyable cette action de Gentle Mates !,None,1,104
6287,PlayerOne,J'adore le maillot avec le logo ALDI,ALDI,0,104
6291,KCorp_Spy,C'est quoi la musique d'attente ? sur Deezer ?,Deezer,0,104
6292,EsportFan99,ALDI c'est le meilleur sponsor !,ALDI,0,104
6292,KCorp_Spy,Mais non ?!? Quelle action !,None,0,104
6294,AldiGamer,TCL font des bêtes de télé en vrai,TCL,0,104
6297,AldiGamer,M8 domine complètement le match,None,1,104
6298,PlayerOne,C'est quoi la musique d'attente ? sur Deezer ?,Deezer,0,104
6300,SyntaxError,Allez les Bleus ! #M8WIN,None,1,105
6306,TCL_Screen,Le stream bug non ?,None,0,105
6309,KCorp_Spy,Le son sur Deezer est lourd,Deezer,0,105
6310,EsportFan99,Mais non ?!? Quelle action !,None,0,105
6316,PlayerOne,Le son sur Deezer est lourd,Deezer,0,105
6316,EsportFan99,Le stream bug non ?,None,0,105
6319,M8_Fan,C'est quoi la musique d'attente ? sur Deezer ?,Deezer,0,105
6321,TCL_Screen,Allez les Bleus ! #M8WIN,None,1,105
6322,SyntaxError,Allez les Bleus ! #M8WIN,None,1,105
6324,AldiGamer,C'est quoi la musique d'attente ? sur Deezer ?,Deezer,0,105
6328,M8_Fan,Incroyable cette action de Gentle Mates !,None,1,105
6330,KCorp_Spy,TCL font des bêtes de télé en vrai,TCL,0,105
6332,LoL_Lover,Allez les Bleus ! #M8WIN,None,1,105
6332,TCL_Screen,ALDI c'est le meilleur sponsor !,ALDI,0,105
6332,DeezerEnjoyer,#M8WIN #M8WIN #M8WIN,None,1,105
6335,TCL_Screen,Le son sur Deezer est lourd,Deezer,0,105
6339,PlayerOne,J'adore le maillot avec le logo ALDI,ALDI,0,105
6341,KCorp_Spy,#M8WIN #M8WIN #M8WIN,None,1,105
6342,KCorp_Spy,Incroyable cette action de Gentle Mates !,None,1,105
6345,KCorp_Spy,Le son sur Deezer est lourd,Deezer,0,105
6356,DeezerEnjoyer,M8 domine complètement le match,None,1,105
6357,DeezerEnjoyer,C'est quoi la musique d'attente ? sur Deezer ?,Deezer,0,105
6363,M8_Fan,ALDI c'est le meilleur sponsor !,ALDI,0,106
6366,EsportFan99,J'adore le maillot avec le logo ALDI,ALDI,0,106
6367,PlayerOne,M8 à la vie à la mort,None,1,106
6368,DeezerEnjoyer,M8 domine complètement le match,None,1,106
6370,KCorp_Spy,L'image est trop belle sur mon écran TCL,TCL,0,106
6371,TCL_Screen,Le son sur Deezer est lourd,Deezer,0,106
6376,SyntaxError,Gg les gars !,None,0,106
6377,TCL_Screen,ALDI c'est le meilleur sponsor !,ALDI,0,106
6380,LoL_Lover,J'adore le maillot avec le logo ALDI,ALDI,0,106
6386,DeezerEnjoyer,ALDI c'est le meilleur sponsor !,ALDI,0,106
6387,DeezerEnjoyer,M8 à la vie à la mort,None,1,106
6387,EsportFan99,Incroyable cette action de Gentle Mates !,None,1,106
6390,M8_Fan,Le son sur Deezer est lourd,Deezer,0,106
6392,DeezerEnjoyer,#M8WIN #M8WIN #M8WIN,None,1,106
6393,DeezerEnjoyer,M8 à la vie à la mort,None,1,106
6393,DeezerEnjoyer,C'est quoi la musique d'attente ? sur Deezer ?,Deezer,0,106
6393,EsportFan99,ALDI c'est le meilleur sponsor !,ALDI,0,106
6395,SyntaxError,Gg les gars !,None,0,106
6396,LoL_Lover,#M8WIN #M8WIN #M8WIN,None,1,106
6396,SyntaxError,Gg les gars !,None,0,106
6400,EsportFan99,J'adore le maillot avec le logo ALDI,ALDI,0,106
6405,DeezerEnjoyer,ALDI c'est le meilleur sponsor !,ALDI,0,106
6407,KCorp_Spy,ALDI c'est le meilleur sponsor !,ALDI,0,106
6410,M8_Fan,Gg les gars !,None,0,106
6411,M8_Fan,Mais non ?!? Quelle action !,None,0,106
6417,AldiGamer,Mais non ?!? Quelle action !,None,0,106
6418,SyntaxError,#M8WIN #M8WIN #M8WIN,None,1,106
6421,AldiGamer,Allez les Bleus ! #M8WIN,None,1,107
6424,LoL_Lover,Incroyable cette action de Gentle Mates !,None,1,107
6426,AldiGamer,Mais non ?!? Quelle action !,None,0,107
6428,KCorp_Spy,ALDI c'est le meilleur sponsor !,ALDI,0,107
6428,DeezerEnjoyer,Le son sur Deezer est lourd,Deezer,0,107
6428,PlayerOne,C'est quoi la musique d'attente ? sur Deezer ?,Deezer,0,107
6430,DeezerEnjoyer,Le stream bug non ?,None,0,107
6431,DeezerEnjoyer,Allez les Bleus ! #M8WIN,None,1,107
6431,LoL_Lover,Allez les Bleus ! #M8WIN,None,1,107
6440,SyntaxError,Gg les gars !,None,0,107
6442,TCL_Screen,M8 à la vie à la mort,None,1,107
6445,LoL_Lover,M8 à la vie à la mort,None,1,107
6448,KCorp_Spy,ALDI c'est le meilleur sponsor !,ALDI,0,107
6448,LoL_Lover,C'est quoi la musique d'attente ? sur Deezer ?,Deezer,0,107
6451,DeezerEnjoyer,Gg les gars !,None,0,107
6453,M8_Fan,C'est quoi la musique d'attente ? sur Deezer ?,Deezer,0,107
6453,LoL_Lover,Le stream bug non ?,None,0,107
6457,TCL_Screen,Le son sur Deezer est lourd,Deezer,0,107
6460,LoL_Lover,Le son sur Deezer est lourd,Deezer,0,107
6466,KCorp_Spy,Gg les gars !,None,0,107
6467,LoL_Lover,C'est quoi la musique d'attente ? sur Deezer ?,Deezer,0,107
6469,TCL_Screen,M8 domine complètement le match,None,1,107
6469,LoL_Lover,#M8WIN #M8WIN #M8WIN,None,1,107
6472,PlayerOne,C'est quoi la musique d'attente ? sur Deezer ?,Deezer,0,107
6473,EsportFan99,Le stream bug non ?,None,0,107
6475,EsportFan99,ALDI c'est le meilleur sponsor !,ALDI,0,107
6476,AldiGamer,Gg les gars !,None,0,107
6479,DeezerEnjoyer,M8 domine complètement le match,None,1,107
6481,TCL_Screen,L'image est trop belle sur mon écran TCL,TCL,0,108
6484,SyntaxError,J'adore le maillot avec le logo ALDI,ALDI,0,108
6485,LoL_Lover,Allez les Bleus ! #M8WIN,None,1,108
6489,SyntaxError,#M8WIN #M8WIN #M8WIN,None,1,108
6492,PlayerOne,#M8WIN #M8WIN #M8WIN,None,1,108
6493,SyntaxError,L'image est trop belle sur mon écran TCL,TCL,0,108
6495,M8_Fan,M8 domine complètement le match,None,1,108
6496,TCL_Screen,Incroyable cette action de Gentle Mates !,None,1,108
6499,EsportFan99,Mais non ?!? Quelle action !,None,0,108
6500,TCL_Screen,L'image est trop belle sur mon écran TCL,TCL,0,108
6500,AldiGamer,Mais non ?!? Quelle action !,None,0,108
6500,TCL_Screen,Le stream bug non ?,None,0,108
6501,LoL_Lover,Le son sur Deezer est lourd,Deezer,0,108
6505,TCL_Screen,M8 domine complètement le match,None,1,108
6508,SyntaxError,ALDI c'est le meilleur sponsor !,ALDI,0,108
6510,DeezerEnjoyer,Le son sur Deezer est lourd,Deezer,0,108
6511,KCorp_Spy,M8 à la vie à la mort,None,1,108
6514,EsportFan99,Gg les gars !,None,0,108
6518,EsportFan99,Le stream bug non ?,None,0,108
6520,DeezerEnjoyer,L'image est trop belle sur mon écran TCL,TCL,0,108
6521,M8_Fan,Gg les gars !,None,0,108
6522,SyntaxError,M8 à la vie à la mort,None,1,108
6523,KCorp_Spy,C'est quoi la musique d'attente ? sur Deezer ?,Deezer,0,108
6523,AldiGamer,Le stream bug non ?,None,0,108
6525,KCorp_Spy,M8 domine complètement le match,None,1,108
6525,AldiGamer,M8 domine complètement le match,None,1,108
6526,DeezerEnjoyer,Incroyable cette action de Gentle Mates !,None,1,108
6526,DeezerEnjoyer,J'adore le maillot avec le logo ALDI,ALDI,0,108
6527,DeezerEnjoyer,ALDI c'est le meilleur sponsor !,ALDI,0,108
6527,KCorp_Spy,M8 à la vie à la mort,None,1,108
6527,EsportFan99,Le son sur Deezer est lourd,Deezer,0,108
6528,SyntaxError,TCL font des bêtes de télé en vrai,TCL,0,108
6531,AldiGamer,C'est quoi la musique d'attente ? sur Deezer ?,Deezer,0,108
6534,PlayerOne,M8 à la vie à la mort,None,1,108
6534,AldiGamer,ALDI c'est le meilleur sponsor !,ALDI,0,108
6535,SyntaxError,C'est quoi la musique d'attente ? sur Deezer ?,Deezer,0,108
6536,DeezerEnjoyer,ALDI c'est le meilleur sponsor !,ALDI,0,108
6538,EsportFan99,L'image est trop belle sur mon écran TCL,TCL,0,108
6547,LoL_Lover,#M8WIN #M8WIN #M8WIN,None,1,109
6547,SyntaxError,TCL font des bêtes de télé en vrai,TCL,0,109
6548,KCorp_Spy,M8 domine complètement le match,None,1,109
6549,LoL_Lover,Allez les Bleus ! #M8WIN,None,1,109
6553,DeezerEnjoyer,M8 domine complètement le match,None,1,109
6553,PlayerOne,TCL font des bêtes de télé en vrai,TCL,0,109
6554,AldiGamer,L'image est trop belle sur mon écran TCL,TCL,0,109
6555,DeezerEnjoyer,M8 à la vie à la mort,None,1,109
6555,LoL_Lover,Mais non ?!? Quelle action !,None,0,109
6559,DeezerEnjoyer,M8 domine complètement le match,None,1,109
6560,KCorp_Spy,Gg les gars !,None,0,109
6566,DeezerEnjoyer,Mais non ?!? Quelle action !,None,0,109
6567,PlayerOne,Allez les Bleus ! #M8WIN,None,1,109
6571,SyntaxError,TCL font des bêtes de télé en vrai,TCL,0,109
6571,EsportFan99,Gg les gars !,None,0,109
6572,SyntaxError,M8 à la vie à la mort,None,1,109
6574,PlayerOne,Mais non ?!? Quelle action !,None,0,109
6577,KCorp_Spy,Allez les Bleus ! #M8WIN,None,1,109
6577,DeezerEnjoyer,Mais non ?!? Quelle action !,None,0,109
6578,SyntaxError,#M8WIN #M8WIN #M8WIN,None,1,109
6579,SyntaxError,Mais non ?!? Quelle action !,None,0,109
6580,DeezerEnjoyer,ALDI c'est le meilleur sponsor !,ALDI,0,109
6581,PlayerOne,Le stream bug non ?,None,0,109
6581,M8_Fan,Mais non ?!? Quelle action !,None,0,109
6582,DeezerEnjoyer,Le stream bug non ?,None,0,109
6586,LoL_Lover,ALDI c'est le meilleur sponsor !,ALDI,0,109
6588,KCorp_Spy,#M8WIN #M8WIN #M8WIN,None,1,109
6590,SyntaxError,TCL font des bêtes de télé en vrai,TCL,0,109
6593,DeezerEnjoyer,J'adore le maillot avec le logo ALDI,ALDI,0,109
6594,DeezerEnjoyer,TCL font des bêtes de télé en vrai,TCL,0,109
6597,PlayerOne,TCL font des bêtes de télé en vrai,TCL,0,109
6599,TCL_Screen,ALDI c'est le meilleur sponsor !,ALDI,0,109
6603,DeezerEnjoyer,L'image est trop belle sur mon écran TCL,TCL,0,110
6604,M8_Fan,C'est quoi la musique d'attente ? sur Deezer ?,Deezer,0,110
6609,PlayerOne,Le son sur Deezer est lourd,Deezer,0,110
6611,DeezerEnjoyer,C'est quoi la musique d'attente ? sur Deezer ?,Deezer,0,110
6612,TCL_Screen,TCL font des bêtes de télé en vrai,TCL,0,110
6614,M8_Fan,L'image est trop belle sur mon écran TCL,TCL,0,110
6614,DeezerEnjoyer,M8 à la vie à la mort,None,1,110
6615,AldiGamer,Gg les gars !,None,0,110
6617,DeezerEnjoyer,M8 domine complètement le match,None,1,110
6621,SyntaxError,L'image est trop belle sur mon écran TCL,TCL,0,110
6624,SyntaxError,ALDI c'est le meilleur sponsor !,ALDI,0,110
6631,EsportFan99,M8 domine complètement le match,None,1,110
6631,SyntaxError,M8 à la vie à la mort,None,1,110
6632,SyntaxError,M8 domine complètement le match,None,1,110
6636,LoL_Lover,J'adore le maillot avec le logo ALDI,ALDI,0,110
6636,AldiGamer,Incroyable cette action de Gentle Mates !,None,1,110
6638,AldiGamer,Le son sur Deezer est lourd,Deezer,0,110
6641,PlayerOne,Gg les gars !,None,0,110
6645,EsportFan99,Allez les Bleus ! #M8WIN,None,1,110
6645,SyntaxError,Le stream bug non ?,None,0,110
6646,SyntaxError,Mais non ?!? Quelle action !,None,0,110
6646,TCL_Screen,ALDI c'est le meilleur sponsor !,ALDI,0,110
6646,DeezerEnjoyer,ALDI c'est le meilleur sponsor !,ALDI,0,110
6648,M8_Fan,Incroyable cette action de Gentle Mates !,None,1,110
6649,M8_Fan,Le stream bug non ?,None,0,110
6653,LoL_Lover,M8 domine complètement le match,None,1,110
6653,AldiGamer,M8 à la vie à la mort,None,1,110
6657,PlayerOne,J'adore le maillot avec le logo ALDI,ALDI,0,110
6658,SyntaxError,Incroyable cette action de Gentle Mates !,None,1,110
6658,EsportFan99,Gg les gars !,None,0,110
6660,KCorp_Spy,J'adore le maillot avec le logo ALDI,ALDI,0,111
6661,TCL_Screen,C'est quoi la musique d'attente ? sur Deezer ?,Deezer,0,111
6661,LoL_Lover,Gg les gars !,None,0,111
6663,LoL_Lover,C'est quoi la musique d'attente ? sur Deezer ?,Deezer,0,111
6664,M8_Fan,ALDI c'est le meilleur sponsor !,ALDI,0,111
6664,TCL_Screen,J'adore le maillot avec le logo ALDI,ALDI,0,111
6672,AldiGamer,TCL font des bêtes de télé en vrai,TCL,0,111
6672,TCL_Screen,ALDI c'est le meilleur sponsor !,ALDI,0,111
6672,DeezerEnjoyer,M8 à la vie à la mort,None,1,111
6680,TCL_Screen,C'est quoi la musique d'attente ? sur Deezer ?,Deezer,0,111
6682,TCL_Screen,M8 à la vie à la mort,None,1,111
6685,AldiGamer,Le stream bug non ?,None,0,111
6685,KCorp_Spy,M8 à la vie à la mort,None,1,111
6686,LoL_Lover,#M8WIN #M8WIN #M8WIN,None,1,111
6687,AldiGamer,ALDI c'est le meilleur sponsor !,ALDI,0,111
6688,DeezerEnjoyer,#M8WIN #M8WIN #M8WIN,None,1,111
6693,EsportFan99,M8 domine complètement le match,None,1,111
6694,M8_Fan,Le stream bug non ?,None,0,111
6695,PlayerOne,Incroyable cette action de Gentle Mates !,None,1,111
6697,DeezerEnjoyer,J'adore le maillot avec le logo ALDI,ALDI,0,111
6700,SyntaxError,M8 à la vie à la mort,None,1,111
6700,KCorp_Spy,#M8WIN #M8WIN #M8WIN,None,1,111
6701,LoL_Lover,ALDI c'est le meilleur sponsor !,ALDI,0,111
6701,SyntaxError,ALDI c'est le meilleur sponsor !,ALDI,0,111
6702,EsportFan99,ALDI c'est le meilleur sponsor !,ALDI,0,111
6704,SyntaxError,M8 à la vie à la mort,None,1,111
6705,TCL_Screen,J'adore le maillot avec le logo ALDI,ALDI,0,111
6707,M8_Fan,M8 à la vie à la mort,None,1,111
6709,TCL_Screen,Le stream bug non ?,None,0,111
6710,PlayerOne,C'est quoi la musique d'attente ? sur Deezer ?,Deezer,0,111
6711,SyntaxError,L'image est trop belle sur mon écran TCL,TCL,0,111
6712,DeezerEnjoyer,ALDI c'est le meilleur sponsor !,ALDI,0,111
6718,LoL_Lover,Mais non ?!? Quelle action !,None,0,111
6719,PlayerOne,#M8WIN #M8WIN #M8WIN,None,1,111
6722,DeezerEnjoyer,Allez les Bleus ! #M8WIN,None,1,112
6722,AldiGamer,M8 à la vie à la mort,None,1,112
6722,AldiGamer,ALDI c'est le meilleur sponsor !,ALDI,0,112
6722,KCorp_Spy,C'est quoi la musique d'attente ? sur Deezer ?,Deezer,0,112
6723,LoL_Lover,Allez les Bleus ! #M8WIN,None,1,112
6726,PlayerOne,J'adore le maillot avec le logo ALDI,ALDI,0,112
6726,DeezerEnjoyer,M8 à la vie à la mort,None,1,112
6731,EsportFan99,C'est quoi la musique d'attente ? sur Deezer ?,Deezer,0,112
6731,AldiGamer,Gg les gars !,None,0,112
6732,DeezerEnjoyer,#M8WIN #M8WIN #M8WIN,None,1,112
6738,SyntaxError,M8 à la vie à la mort,None,1,112
6739,AldiGamer,Mais non ?!? Quelle action !,None,0,112
6739,EsportFan99,Gg les gars !,None,0,112
6740,DeezerEnjoyer,M8 à la vie à la mort,None,1,112
6741,DeezerEnjoyer,Gg les gars !,None,0,112
6745,SyntaxError,L'image est trop belle sur mon écran TCL,TCL,0,112
6746,SyntaxError,C'est quoi la musique d'attente ? sur Deezer ?,Deezer,0,112
6749,TCL_Screen,M8 domine complètement le match,None,1,112
6750,PlayerOne,Mais non ?!? Quelle action !,None,0,112
6750,LoL_Lover,M8 domine complètement le match,None,1,112
6755,M8_Fan,L'image est trop belle sur mon écran TCL,TCL,0,112
6755,KCorp_Spy,ALDI c'est le meilleur sponsor !,ALDI,0,112
6756,LoL_Lover,Incroyable cette action de Gentle Mates !,None,1,112
6763,AldiGamer,#M8WIN #M8WIN #M8WIN,None,1,112
6763,M8_Fan,L'image est trop belle sur mon écran TCL,TCL,0,112
6763,KCorp_Spy,Allez les Bleus ! #M8WIN,None,1,112
6764,PlayerOne,Le stream bug non ?,None,0,112
6768,PlayerOne,ALDI c'est le meilleur sponsor !,ALDI,0,112
6768,M8_Fan,Gg les gars !,None,0,112
6769,AldiGamer,Le stream bug non ?,None,0,112
6770,SyntaxError,M8 domine complètement le match,None,1,112
6772,M8_Fan,C'est quoi la musique d'attente ? sur Deezer ?,Deezer,0,112
6774,TCL_Screen,Allez les Bleus ! #M8WIN,None,1,112
6774,PlayerOne,Le son sur Deezer est lourd,Deezer,0,112
6775,LoL_Lover,Gg les gars !,None,0,112
6778,M8_Fan,TCL font des bêtes de télé en vrai,TCL,0,112
6780,PlayerOne,#M8WIN #M8WIN #M8WIN,None,1,113
6780,KCorp_Spy,Le stream bug non ?,None,0,113
6780,LoL_Lover,J'adore le maillot avec le logo ALDI,ALDI,0,113
6784,KCorp_Spy,Gg les gars !,None,0,113
6791,M8_Fan,Gg les gars !,None,0,113
6793,TCL_Screen,TCL font des bêtes de télé en vrai,TCL,0,113
6797,LoL_Lover,TCL font des bêtes de télé en vrai,TCL,0,113
6800,SyntaxError,L'image est trop belle sur mon écran TCL,TCL,0,113
6801,DeezerEnjoyer,Gg les gars !,None,0,113
6802,LoL_Lover,TCL font des bêtes de télé en vrai,TCL,0,113
6803,DeezerEnjoyer,Allez les Bleus ! #M8WIN,None,1,113
6803,DeezerEnjoyer,Le stream bug non ?,None,0,113
6803,TCL_Screen,#M8WIN #M8WIN #M8WIN,None,1,113
6804,SyntaxError,L'image est trop belle sur mon écran TCL,TCL,0,113
6805,M8_Fan,Le son sur Deezer est lourd,Deezer,0,113
6810,DeezerEnjoyer,ALDI c'est le meilleur sponsor !,ALDI,0,113
6811,TCL_Screen,Le son sur Deezer est lourd,Deezer,0,113
6812,AldiGamer,Le son sur Deezer est lourd,Deezer,0,113
6814,SyntaxError,C'est quoi la musique d'attente ? sur Deezer ?,Deezer,0,113
6817,SyntaxError,Incroyable cette action de Gentle Mates !,None,1,113
6818,LoL_Lover,J'adore le maillot avec le logo ALDI,ALDI,0,113
6821,PlayerOne,C'est quoi la musique d'attente ? sur Deezer ?,Deezer,0,113
6823,PlayerOne,M8 à la vie à la mort,None,1,113
6826,PlayerOne,J'adore le maillot avec le logo ALDI,ALDI,0,113
6831,DeezerEnjoyer,L'image est trop belle sur mon écran TCL,TCL,0,113
6832,LoL_Lover,L'image est trop belle sur mon écran TCL,TCL,0,113
6834,KCorp_Spy,ALDI c'est le meilleur sponsor !,ALDI,0,113
6836,SyntaxError,M8 à la vie à la mort,None,1,113
6837,LoL_Lover,Incroyable cette action de Gentle Mates !,None,1,113
6839,AldiGamer,TCL font des bêtes de télé en vrai,TCL,0,113
6839,PlayerOne,Allez les Bleus ! #M8WIN,None,1,113
6841,EsportFan99,Le son sur Deezer est lourd,Deezer,0,114
6845,SyntaxError,L'image est trop belle sur mon écran TCL,TCL,0,114
6848,DeezerEnjoyer,TCL font des bêtes de télé en vrai,TCL,0,114
6852,LoL_Lover,L'image est trop belle sur mon écran TCL,TCL,0,114
6855,KCorp_Spy,ALDI c'est le meilleur sponsor !,ALDI,0,114
6860,KCorp_Spy,Incroyable cette action de Gentle Mates !,None,1,114
6860,PlayerOne,Mais non ?!? Quelle action !,None,0,114
6862,DeezerEnjoyer,Mais non ?!? Quelle action !,None,0,114
6864,M8_Fan,M8 à la vie à la mort,None,1,114
6865,DeezerEnjoyer,TCL font des bêtes de télé en vrai,TCL,0,114
6870,DeezerEnjoyer,Le stream bug non ?,None,0,114
6872,TCL_Screen,Incroyable cette action de Gentle Mates !,None,1,114
6874,LoL_Lover,M8 domine complètement le match,None,1,114
6877,M8_Fan,ALDI c'est le meilleur sponsor !,ALDI,0,114
6881,KCorp_Spy,ALDI c'est le meilleur sponsor !,ALDI,0,114
6881,TCL_Screen,ALDI c'est le meilleur sponsor !,ALDI,0,114
6882,PlayerOne,Le stream bug non ?,None,0,114
6884,EsportFan99,Mais non ?!? Quelle action !,None,0,114
6884,LoL_Lover,L'image est trop belle sur mon écran TCL,TCL,0,114
6886,KCorp_Spy,TCL font des bêtes de télé en vrai,TCL,0,114
6888,TCL_Screen,TCL font des bêtes de télé en vrai,TCL,0,114
6888,EsportFan99,#M8WIN #M8WIN #M8WIN,None,1,114
6900,AldiGamer,#M8WIN #M8WIN #M8WIN,None,1,115
6901,M8_Fan,Mais non ?!? Quelle action !,None,0,115
6901,LoL_Lover,C'est quoi la musique d'attente ? sur Deezer ?,Deezer,0,115
6905,AldiGamer,Gg les gars !,None,0,115
6906,PlayerOne,C'est quoi la musique d'attente ? sur Deezer ?,Deezer,0,115
6906,EsportFan99,ALDI c'est le meilleur sponsor !,ALDI,0,115
6908,TCL_Screen,M8 à la vie à la mort,None,1,115
6909,TCL_Screen,C'est quoi la musique d'attente ? sur Deezer ?,Deezer,0,115
6909,M8_Fan,#M8WIN #M8WIN #M8WIN,None,1,115
6915,TCL_Screen,M8 à la vie à la mort,None,1,115
6915,EsportFan99,Gg les gars !,None,0,115
6916,LoL_Lover,M8 domine complètement le match,None,1,115
6917,DeezerEnjoyer,C'est quoi la musique d'attente ? sur Deezer ?,Deezer,0,115
6919,TCL_Screen,M8 à la vie à la mort,None,1,115
6921,DeezerEnjoyer,C'est quoi la musique d'attente ? sur Deezer ?,Deezer,0,115
6923,SyntaxError,TCL font des bêtes de télé en vrai,TCL,0,115
6923,LoL_Lover,#M8WIN #M8WIN #M8WIN,None,1,115
6926,DeezerEnjoyer,Le son sur Deezer est lourd,Deezer,0,115
6927,SyntaxError,C'est quoi la musique d'attente ? sur Deezer ?,Deezer,0,115
6931,AldiGamer,C'est quoi la musique d'attente ? sur Deezer ?,Deezer,0,115
6931,PlayerOne,L'image est trop belle sur mon écran TCL,TCL,0,115
6932,EsportFan99,ALDI c'est le meilleur sponsor !,ALDI,0,115
6932,DeezerEnjoyer,#M8WIN #M8WIN #M8WIN,None,1,115
6939,DeezerEnjoyer,Mais non ?!? Quelle action !,None,0,115
6943,LoL_Lover,Le son sur Deezer est lourd,Deezer,0,115
6943,DeezerEnjoyer,ALDI c'est le meilleur sponsor !,ALDI,0,115
6944,M8_Fan,Mais non ?!? Quelle action !,None,0,115
6944,EsportFan99,Allez les Bleus ! #M8WIN,None,1,115
6945,AldiGamer,Le son sur Deezer est lourd,Deezer,0,115
6945,LoL_Lover,Le stream bug non ?,None,0,115
6945,LoL_Lover,Allez les Bleus ! #M8WIN,None,1,115
6945,SyntaxError,Le stream bug non ?,None,0,115
6949,PlayerOne,C'est quoi la musique d'attente ? sur Deezer ?,Deezer,0,115
6949,PlayerOne,Incroyable cette action de Gentle Mates !,None,1,115
6953,EsportFan99,L'image est trop belle sur mon écran TCL,TCL,0,115
6957,DeezerEnjoyer,TCL font des bêtes de télé en vrai,TCL,0,115
6962,TCL_Screen,TCL font des bêtes de télé en vrai,TCL,0,116
6962,SyntaxError,Allez les Bleus ! #M8WIN,None,1,116
6964,DeezerEnjoyer,Allez les Bleus ! #M8WIN,None,1,116
6965,TCL_Screen,M8 à la vie à la mort,None,1,116
6971,KCorp_Spy,ALDI c'est le meilleur sponsor !,ALDI,0,116
6979,LoL_Lover,#M8WIN #M8WIN #M8WIN,None,1,116
6983,PlayerOne,L'image est trop belle sur mon écran TCL,TCL,0,116
6985,AldiGamer,J'adore le maillot avec le logo ALDI,ALDI,0,116
6986,SyntaxError,Le stream bug non ?,None,0,116
6987,SyntaxError,J'adore le maillot avec le logo ALDI,ALDI,0,116
6989,M8_Fan,Allez les Bleus ! #M8WIN,None,1,116
6991,M8_Fan,Le son sur Deezer est lourd,Deezer,0,116
6994,TCL_Screen,Mais non ?!? Quelle action !,None,0,116
6996,EsportFan99,C'est quoi la musique d'attente ? sur Deezer ?,Deezer,0,116
7001,M8_Fan,L'image est trop belle sur mon écran TCL,TCL,0,116
7001,EsportFan99,M8 domine complètement le match,None,1,116
7005,TCL_Screen,Allez les Bleus ! #M8WIN,None,1,116
7007,AldiGamer,#M8WIN #M8WIN #M8WIN,None,1,116
7007,KCorp_Spy,L'image est trop belle sur mon écran TCL,TCL,0,116
7008,PlayerOne,Gg les gars !,None,0,116
7014,TCL_Screen,Allez les Bleus ! #M8WIN,None,1,116
7014,M8_Fan,Gg les gars !,None,0,116
7016,KCorp_Spy,C'est quoi la musique d'attente ? sur Deezer ?,Deezer,0,116
7016,EsportFan99,TCL font des bêtes de télé en vrai,TCL,0,116
7018,PlayerOne,J'adore le maillot avec le logo ALDI,ALDI,0,116
7022,TCL_Screen,Le stream bug non ?,None,0,117
7023,DeezerEnjoyer,M8 domine complètement le match,None,1,117
7025,LoL_Lover,L'image est trop belle sur mon écran TCL,TCL,0,117
7026,EsportFan99,Allez les Bleus ! #M8WIN,None,1,117
7027,TCL_Screen,L'image est trop belle sur mon écran TCL,TCL,0,117
7031,TCL_Screen,Le stream bug non ?,None,0,117
7032,TCL_Screen,Mais non ?!? Quelle action !,None,0,117
7042,DeezerEnjoyer,Gg les gars !,None,0,117
7049,EsportFan99,Allez les Bleus ! #M8WIN,None,1,117
7057,KCorp_Spy,Allez les Bleus ! #M8WIN,None,1,117
7058,AldiGamer,Le son sur Deezer est lourd,Deezer,0,117
7060,AldiGamer,Gg les gars !,None,0,117
7062,SyntaxError,M8 à la vie à la mort,None,1,117
7063,LoL_Lover,C'est quoi la musique d'attente ? sur Deezer ?,Deezer,0,117
7064,TCL_Screen,Allez les Bleus ! #M8WIN,None,1,117
7070,TCL_Screen,J'adore le maillot avec le logo ALDI,ALDI,0,117
7076,DeezerEnjoyer,Incroyable cette action de Gentle Mates !,None,1,117
7085,TCL_Screen,#M8WIN #M8WIN #M8WIN,None,1,118
7088,DeezerEnjoyer,L'image est trop belle sur mon écran TCL,TCL,0,118
7088,SyntaxError,M8 domine complètement le match,None,1,118
7092,LoL_Lover,Allez les Bleus ! #M8WIN,None,1,118
7092,AldiGamer,TCL font des bêtes de télé en vrai,TCL,0,118
7093,LoL_Lover,Incroyable cette action de Gentle Mates !,None,1,118
7094,SyntaxError,Gg les gars !,None,0,118
7103,KCorp_Spy,Mais non ?!? Quelle action !,None,0,118
7103,LoL_Lover,Le son sur Deezer est lourd,Deezer,0,118
7103,EsportFan99,Gg les gars !,None,0,118
7104,EsportFan99,M8 à la vie à la mort,None,1,118
7107,LoL_Lover,TCL font des bêtes de télé en vrai,TCL,0,118
7107,EsportFan99,L'image est trop belle sur mon écran TCL,TCL,0,118
7112,SyntaxError,Incroyable cette action de Gentle Mates !,None,1,118
7113,KCorp_Spy,Le stream bug non ?,None,0,118
7113,EsportFan99,L'image est trop belle sur mon écran TCL,TCL,0,118
7114,AldiGamer,Gg les gars !,None,0,118
7117,M8_Fan,M8 domine complètement le match,None,1,118
7121,EsportFan99,ALDI c'est le meilleur sponsor !,ALDI,0,118
7124,AldiGamer,J'adore le maillot avec le logo ALDI,ALDI,0,118
7124,KCorp_Spy,Allez les Bleus ! #M8WIN,None,1,118
7125,KCorp_Spy,Mais non ?!? Quelle action !,None,0,118
7129,PlayerOne,TCL font des bêtes de télé en vrai,TCL,0,118
7135,TCL_Screen,M8 domine complètement le match,None,1,118
7142,LoL_Lover,C'est quoi la musique d'attente ? sur Deezer ?,Deezer,0,119
7143,EsportFan99,Allez les Bleus ! #M8WIN,None,1,119
7148,AldiGamer,Mais non ?!? Quelle action !,None,0,119
7150,DeezerEnjoyer,#M8WIN #M8WIN #M8WIN,None,1,119
7150,AldiGamer,J'adore le maillot avec le logo ALDI,ALDI,0,119
7158,TCL_Screen,Incroyable cette action de Gentle Mates !,None,1,119
7159,KCorp_Spy,C'est quoi la musique d'attente ? sur Deezer ?,Deezer,0,119
7163,LoL_Lover,M8 à la vie à la mort,None,1,119
7165,SyntaxError,Gg les gars !,None,0,119
7168,DeezerEnjoyer,Allez les Bleus ! #M8WIN,None,1,119
7173,TCL_Screen,Mais non ?!? Quelle action !,None,0,119
7178,PlayerOne,M8 domine complètement le match,None,1,119
7180,LoL_Lover,L'image est trop belle sur mon écran TCL,TCL,0,119
7181,PlayerOne,L'image est trop belle sur mon écran TCL,TCL,0,119
7181,SyntaxError,C'est quoi la musique d'attente ? sur Deezer ?,Deezer,0,119
7185,TCL_Screen,J'adore le maillot avec le logo ALDI,ALDI,0,119
7190,AldiGamer,J'adore le maillot avec le logo ALDI,ALDI,0,119
7190,PlayerOne,Allez les Bleus ! #M8WIN,None,1,119
7191,AldiGamer,J'adore le maillot avec le logo ALDI,ALDI,0,119
7194,TCL_Screen,Le stream bug non ?,None,0,119
7194,DeezerEnjoyer,Mais non ?!? Quelle action !,None,0,119
7194,M8_Fan,Allez les Bleus ! #M8WIN,None,1,119
7195,PlayerOne,L'image est trop belle sur mon écran TCL,TCL,0,119
7201,M8_Fan,M8 à la vie à la mort,None,1,120
7204,EsportFan99,#M8WIN #M8WIN #M8WIN,None,1,120
7204,LoL_Lover,Allez les Bleus ! #M8WIN,None,1,120
7204,PlayerOne,#M8WIN #M8WIN #M8WIN,None,1,120
7206,AldiGamer,M8 à la vie à la mort,None,1,120
7208,SyntaxError,C'est quoi la musique d'attente ? sur Deezer ?,Deezer,0,120
7212,PlayerOne,L'image est trop belle sur mon écran TCL,TCL,0,120
7215,DeezerEnjoyer,TCL font des bêtes de télé en vrai,TCL,0,120
7218,DeezerEnjoyer,Le stream bug non ?,None,0,120
7221,KCorp_Spy,L'image est trop belle sur mon écran TCL,TCL,0,120
7228,DeezerEnjoyer,L'image est trop belle sur mon écran TCL,TCL,0,120
7230,LoL_Lover,M8 à la vie à la mort,None,1,120
7231,PlayerOne,Mais non ?!? Quelle action !,None,0,120
7234,DeezerEnjoyer,ALDI c'est le meilleur sponsor !,ALDI,0,120
7235,DeezerEnjoyer,M8 à la vie à la mort,None,1,120
7235,KCorp_Spy,Le son sur Deezer est lourd,Deezer,0,120
7237,DeezerEnjoyer,Le son sur Deezer est lourd,Deezer,0,120
7238,PlayerOne,Le son sur Deezer est lourd,Deezer,0,120
7239,KCorp_Spy,ALDI c'est le meilleur sponsor !,ALDI,0,120
7242,SyntaxError,Le stream bug non ?,None,0,120
7244,KCorp_Spy,Le stream bug non ?,None,0,120
7247,AldiGamer,Incroyable cette action de Gentle Mates !,None,1,120
7252,EsportFan99,#M8WIN #M8WIN #M8WIN,None,1,120
7252,AldiGamer,Allez les Bleus ! #M8WIN,None,1,120
7257,TCL_Screen,Le stream bug non ?,None,0,120
7258,M8_Fan,ALDI c'est le meilleur sponsor !,ALDI,0,120
7260,LoL_Lover,Le son sur Deezer est lourd,Deezer,0,121
7261,LoL_Lover,M8 à la vie à la mort,None,1,121
7262,PlayerOne,Le son sur Deezer est lourd,Deezer,0,121
7262,EsportFan99,#M8WIN #M8WIN #M8WIN,None,1,121
7264,TCL_Screen,TCL font des bêtes de télé en vrai,TCL,0,121
7265,EsportFan99,C'est quoi la musique d'attente ? sur Deezer ?,Deezer,0,121
7267,DeezerEnjoyer,TCL font des bêtes de télé en vrai,TCL,0,121
7269,EsportFan99,J'adore le maillot avec le logo ALDI,ALDI,0,121
7272,DeezerEnjoyer,#M8WIN #M8WIN #M8WIN,None,1,121
7278,KCorp_Spy,Gg les gars !,None,0,121
7279,AldiGamer,ALDI c'est le meilleur sponsor !,ALDI,0,121
7280,M8_Fan,ALDI c'est le meilleur sponsor !,ALDI,0,121
7283,SyntaxError,TCL font des bêtes de télé en vrai,TCL,0,121
7290,LoL_Lover,L'image est trop belle sur mon écran TCL,TCL,0,121
7291,KCorp_Spy,Gg les gars !,None,0,121
7291,KCorp_Spy,Gg les gars !,None,0,121
7292,M8_Fan,TCL font des bêtes de télé en vrai,TCL,0,121
7292,PlayerOne,Le stream bug non ?,None,0,121
7295,DeezerEnjoyer,Incroyable cette action de Gentle Mates !,None,1,121
7298,DeezerEnjoyer,L'image est trop belle sur mon écran TCL,TCL,0,121
7300,DeezerEnjoyer,C'est quoi la musique d'attente ? sur Deezer ?,Deezer,0,121
7301,SyntaxError,#M8WIN #M8WIN #M8WIN,None,1,121
7301,AldiGamer,J'adore le maillot avec le logo ALDI,ALDI,0,121
7302,AldiGamer,M8 domine complètement le match,None,1,121
7304,EsportFan99,M8 à la vie à la mort,None,1,121
7305,KCorp_Spy,C'est quoi la musique d'attente ? sur Deezer ?,Deezer,0,121
7310,PlayerOne,M8 domine complètement le match,None,1,121
7318,TCL_Screen,Mais non ?!? Quelle action !,None,0,121
7322,PlayerOne,Le son sur Deezer est lourd,Deezer,0,122
7323,EsportFan99,#M8WIN #M8WIN #M8WIN,None,1,122
7324,TCL_Screen,Le stream bug non ?,None,0,122
7325,KCorp_Spy,J'adore le maillot avec le logo ALDI,ALDI,0,122
7326,M8_Fan,M8 domine complètement le match,None,1,122
7331,KCorp_Spy,C'est quoi la musique d'attente ? sur Deezer ?,Deezer,0,122
7334,PlayerOne,#M8WIN #M8WIN #M8WIN,None,1,122
7339,LoL_Lover,M8 à la vie à la mort,None,1,122
7341,DeezerEnjoyer,TCL font des bêtes de télé en vrai,TCL,0,122
7341,M8_Fan,M8 domine complètement le match,None,1,122
7342,M8_Fan,C'est quoi la musique d'attente ? sur Deezer ?,Deezer,0,122
7342,LoL_Lover,Gg les gars !,None,0,122
7343,TCL_Screen,J'adore le maillot avec le logo ALDI,ALDI,0,122
7345,PlayerOne,TCL font des bêtes de télé en vrai,TCL,0,122
7348,PlayerOne,Allez les Bleus ! #M8WIN,None,1,122
7349,DeezerEnjoyer,Allez les Bleus ! #M8WIN,None,1,122
7351,AldiGamer,M8 à la vie à la mort,None,1,122
7352,AldiGamer,L'image est trop belle sur mon écran TCL,TCL,0,122
7354,SyntaxError,Le stream bug non ?,None,0,122
7355,EsportFan99,M8 à la vie à la mort,None,1,122
7356,KCorp_Spy,Allez les Bleus ! #M8WIN,None,1,122
7357,PlayerOne,Le son sur Deezer est lourd,Deezer,0,122
7362,M8_Fan,TCL font des bêtes de télé en vrai,TCL,0,122
7362,TCL_Screen,Incroyable cette action de Gentle Mates !,None,1,122
7367,DeezerEnjoyer,M8 à la vie à la mort,None,1,122
7367,DeezerEnjoyer,Incroyable cette action de Gentle Mates !,None,1,122
7370,SyntaxError,Mais non ?!? Quelle action !,None,0,122
7373,EsportFan99,J'adore le maillot avec le logo ALDI,ALDI,0,122
7373,PlayerOne,Le stream bug non ?,None,0,122
7376,PlayerOne,TCL font des bêtes de télé en vrai,TCL,0,122
7378,DeezerEnjoyer,Allez les Bleus ! #M8WIN,None,1,122
7381,EsportFan99,ALDI c'est le meilleur sponsor !,ALDI,0,123
7387,AldiGamer,L'image est trop belle sur mon écran TCL,TCL,0,123
7392,DeezerEnjoyer,C'est quoi la musique d'attente ? sur Deezer ?,Deezer,0,123
7393,TCL_Screen,#M8WIN #M8WIN #M8WIN,None,1,123
7397,M8_Fan,Le stream bug non ?,None,0,123
7401,DeezerEnjoyer,#M8WIN #M8WIN #M8WIN,None,1,123
7402,KCorp_Spy,Gg les gars !,None,0,123
7402,PlayerOne,C'est quoi la musique d'attente ? sur Deezer ?,Deezer,0,123
7404,KCorp_Spy,Le stream bug non ?,None,0,123
7410,AldiGamer,J'adore le maillot avec le logo ALDI,ALDI,0,123
7412,KCorp_Spy,J'adore le maillot avec le logo ALDI,ALDI,0,123
7418,SyntaxError,C'est quoi la musique d'attente ? sur Deezer ?,Deezer,0,123
7419,LoL_Lover,L'image est trop belle sur mon écran TCL,TCL,0,123
7420,LoL_Lover,Gg les gars !,None,0,123
7422,PlayerOne,J'adore le maillot avec le logo ALDI,ALDI,0,123
7428,EsportFan99,Gg les gars !,None,0,123
7429,KCorp_Spy,J'adore le maillot avec le logo ALDI,ALDI,0,123
7433,EsportFan99,L'image est trop belle sur mon écran TCL,TCL,0,123
7433,PlayerOne,Mais non ?!? Quelle action !,None,0,123
7434,LoL_Lover,Allez les Bleus ! #M8WIN,None,1,123
7434,KCorp_Spy,M8 domine complètement le match,None,1,123
7435,EsportFan99,Allez les Bleus ! #M8WIN,None,1,123
7436,DeezerEnjoyer,#M8WIN #M8WIN #M8WIN,None,1,123
7436,LoL_Lover,C'est quoi la musique d'attente ? sur Deezer ?,Deezer,0,123
7439,M8_Fan,Incroyable cette action de Gentle Mates !,None,1,123
7441,KCorp_Spy,Le son sur Deezer est lourd,Deezer,0,124
7441,TCL_Screen,Le son sur Deezer est lourd,Deezer,0,124
7450,M8_Fan,M8 domine complètement le match,None,1,124
7452,TCL_Screen,L'image est trop belle sur mon écran TCL,TCL,0,124
7452,M8_Fan,#M8WIN #M8WIN #M8WIN,None,1,124
7454,KCorp_Spy,M8 domine complètement le match,None,1,124
7457,AldiGamer,ALDI c'est le meilleur sponsor !,ALDI,0,124
7458,AldiGamer,TCL font des bêtes de télé en vrai,TCL,0,124
7459,LoL_Lover,ALDI c'est le meilleur sponsor !,ALDI,0,124
7463,KCorp_Spy,L'image est trop belle sur mon écran TCL,TCL,0,124
7469,EsportFan99,J'adore le maillot avec le logo ALDI,ALDI,0,124
7471,DeezerEnjoyer,C'est quoi la musique d'attente ? sur Deezer ?,Deezer,0,124
7472,TCL_Screen,J'adore le maillot avec le logo ALDI,ALDI,0,124
7476,LoL_Lover,Mais non ?!? Quelle action !,None,0,124
7479,AldiGamer,Le stream bug non ?,None,0,124
7480,KCorp_Spy,Gg les gars !,None,0,124
7480,TCL_Screen,M8 domine complètement le match,None,1,124
7483,TCL_Screen,Gg les gars !,None,0,124
7486,KCorp_Spy,ALDI c'est le meilleur sponsor !,ALDI,0,124
7488,EsportFan99,L'image est trop belle sur mon écran TCL,TCL,0,124
7489,TCL_Screen,ALDI c'est le meilleur sponsor !,ALDI,0,124
7490,M8_Fan,Le son sur Deezer est lourd,Deezer,0,124
7497,KCorp_Spy,Allez les Bleus ! #M8WIN,None,1,124
7498,TCL_Screen,Le stream bug non ?,None,0,124
7498,KCorp_Spy,ALDI c'est le meilleur sponsor !,ALDI,0,124
7499,TCL_Screen,Gg les gars !,None,0,124
7499,TCL_Screen,Allez les Bleus ! #M8WIN,None,1,124
7504,LoL_Lover,Gg les gars !,None,0,125
7505,DeezerEnjoyer,Le stream bug non ?,None,0,125
7505,DeezerEnjoyer,M8 domine complètement le match,None,1,125
7506,TCL_Screen,Allez les Bleus ! #M8WIN,None,1,125
7509,KCorp_Spy,L'image est trop belle sur mon écran TCL,TCL,0,125
7511,KCorp_Spy,L'image est trop belle sur mon écran TCL,TCL,0,125
7511,KCorp_Spy,J'adore le maillot avec le logo ALDI,ALDI,0,125
7511,KCorp_Spy,M8 à la vie à la mort,None,1,125
7512,DeezerEnjoyer,Mais non ?!? Quelle action !,None,0,125
7516,AldiGamer,M8 domine complètement le match,None,1,125
7516,KCorp_Spy,Le son sur Deezer est lourd,Deezer,0,125
7522,PlayerOne,J'adore le maillot avec le logo ALDI,ALDI,0,125
7522,LoL_Lover,L'image est trop belle sur mon écran TCL,TCL,0,125
7523,PlayerOne,#M8WIN #M8WIN #M8WIN,None,1,125
7524,M8_Fan,Le son sur Deezer est lourd,Deezer,0,125
7526,LoL_Lover,Le stream bug non ?,None,0,125
7526,SyntaxError,Gg les gars !,None,0,125
7526,PlayerOne,Le stream bug non ?,None,0,125
7531,AldiGamer,Mais non ?!? Quelle action !,None,0,125
7531,TCL_Screen,M8 à la vie à la mort,None,1,125
7539,PlayerOne,ALDI c'est le meilleur sponsor !,ALDI,0,125
7540,KCorp_Spy,Allez les Bleus ! #M8WIN,None,1,125
7546,DeezerEnjoyer,J'adore le maillot avec le logo ALDI,ALDI,0,125
7546,KCorp_Spy,Allez les Bleus ! #M8WIN,None,1,125
7548,LoL_Lover,Le stream bug non ?,None,0,125
7549,PlayerOne,Le son sur Deezer est lourd,Deezer,0,125
7550,SyntaxError,TCL font des bêtes de télé en vrai,TCL,0,125
7554,PlayerOne,Le son sur Deezer est lourd,Deezer,0,125
7557,LoL_Lover,Gg les gars !,None,0,125
7559,SyntaxError,#M8WIN #M8WIN #M8WIN,None,1,125
7559,TCL_Screen,#M8WIN #M8WIN #M8WIN,None,1,125
7563,M8_Fan,ALDI c'est le meilleur sponsor !,ALDI,0,126
7568,DeezerEnjoyer,ALDI c'est le meilleur sponsor !,ALDI,0,126
7571,AldiGamer,C'est quoi la musique d'attente ? sur Deezer ?,Deezer,0,126
7572,KCorp_Spy,C'est quoi la musique d'attente ? sur Deezer ?,Deezer,0,126
7572,LoL_Lover,C'est quoi la musique d'attente ? sur Deezer ?,Deezer,0,126
7572,TCL_Screen,TCL font des bêtes de télé en vrai,TCL,0,126
7574,LoL_Lover,Mais non ?!? Quelle action !,None,0,126
7574,M8_Fan,Mais non ?!? Quelle action !,None,0,126
7574,LoL_Lover,Incroyable cette action de Gentle Mates !,None,1,126
7575,M8_Fan,M8 à la vie à la mort,None,1,126
7575,PlayerOne,L'image est trop belle sur mon écran TCL,TCL,0,126
7576,TCL_Screen,#M8WIN #M8WIN #M8WIN,None,1,126
7576,PlayerOne,Le stream bug non ?,None,0,126
7578,M8_Fan,TCL font des bêtes de télé en vrai,TCL,0,126
7579,KCorp_Spy,M8 à la vie à la mort,None,1,126
7582,SyntaxError,M8 à la vie à la mort,None,1,126
7584,M8_Fan,Le son sur Deezer est lourd,Deezer,0,126
7586,TCL_Screen,#M8WIN #M8WIN #M8WIN,None,1,126
7589,PlayerOne,C'est quoi la musique d'attente ? sur Deezer ?,Deezer,0,126
7590,DeezerEnjoyer,TCL font des bêtes de télé en vrai,TCL,0,126
7592,AldiGamer,M8 à la vie à la mort,None,1,126
7592,SyntaxError,Le son sur Deezer est lourd,Deezer,0,126
7593,AldiGamer,J'adore le maillot avec le logo ALDI,ALDI,0,126
7593,AldiGamer,#M8WIN #M8WIN #M8WIN,None,1,126
7593,KCorp_Spy,Allez les Bleus ! #M8WIN,None,1,126
7593,AldiGamer,Gg les gars !,None,0,126
7594,KCorp_Spy,Mais non ?!? Quelle action !,None,0,126
7594,PlayerOne,Gg les gars !,None,0,126
7604,AldiGamer,TCL font des bêtes de télé en vrai,TCL,0,126
7606,PlayerOne,M8 à la vie à la mort,None,1,126
7606,KCorp_Spy,Incroyable cette action de Gentle Mates !,None,1,126
7608,M8_Fan,TCL font des bêtes de télé en vrai,TCL,0,126
7609,DeezerEnjoyer,L'image est trop belle sur mon écran TCL,TCL,0,126
7611,DeezerEnjoyer,Gg les gars !,None,0,126
7613,PlayerOne,Le son sur Deezer est lourd,Deezer,0,126
7617,TCL_Screen,Mais non ?!? Quelle action !,None,0,126
7618,KCorp_Spy,Le son sur Deezer est lourd,Deezer,0,126
7620,AldiGamer,J'adore le maillot avec le logo ALDI,ALDI,0,127
7620,TCL_Screen,L'image est trop belle sur mon écran TCL,TCL,0,127
7621,M8_Fan,M8 à la vie à la mort,None,1,127
7622,KCorp_Spy,M8 à la vie à la mort,None,1,127
7624,TCL_Screen,Allez les Bleus ! #M8WIN,None,1,127
7625,DeezerEnjoyer,Mais non ?!? Quelle action !,None,0,127
7632,KCorp_Spy,Le stream bug non ?,None,0,127
7635,KCorp_Spy,Gg les gars !,None,0,127
7638,KCorp_Spy,Allez les Bleus ! #M8WIN,None,1,127
7639,EsportFan99,Incroyable cette action de Gentle Mates !,None,1,127
7640,KCorp_Spy,Le stream bug non ?,None,0,127
7640,M8_Fan,ALDI c'est le meilleur sponsor !,ALDI,0,127
7642,DeezerEnjoyer,Le son sur Deezer est lourd,Deezer,0,127
7645,TCL_Screen,ALDI c'est le meilleur sponsor !,ALDI,0,127
7646,EsportFan99,Allez les Bleus ! #M8WIN,None,1,127
7648,TCL_Screen,M8 domine complètement le match,None,1,127
7648,KCorp_Spy,J'adore le maillot avec le logo ALDI,ALDI,0,127
7653,M8_Fan,TCL font des bêtes de télé en vrai,TCL,0,127
7656,DeezerEnjoyer,J'adore le maillot avec le logo ALDI,ALDI,0,127
7658,TCL_Screen,Mais non ?!? Quelle action !,None,0,127
7658,PlayerOne,Le son sur Deezer est lourd,Deezer,0,127
7658,AldiGamer,M8 domine complètement le match,None,1,127
7664,KCorp_Spy,ALDI c'est le meilleur sponsor !,ALDI,0,127
7667,SyntaxError,M8 à la vie à la mort,None,1,127
7674,PlayerOne,Allez les Bleus ! #M8WIN,None,1,127
7676,EsportFan99,TCL font des bêtes de télé en vrai,TCL,0,127
7676,SyntaxError,Allez les Bleus ! #M8WIN,None,1,127
7679,KCorp_Spy,L'image est trop belle sur mon écran TCL,TCL,0,127
7682,TCL_Screen,Le stream bug non ?,None,0,128
7683,EsportFan99,Incroyable cette action de Gentle Mates !,None,1,128
7685,TCL_Screen,L'image est trop belle sur mon écran TCL,TCL,0,128
7690,AldiGamer,TCL font des bêtes de télé en vrai,TCL,0,128
7693,PlayerOne,J'adore le maillot avec le logo ALDI,ALDI,0,128
7695,DeezerEnjoyer,Mais non ?!? Quelle action !,None,0,128
7696,DeezerEnjoyer,M8 domine complètement le match,None,1,128
7697,AldiGamer,C'est quoi la musique d'attente ? sur Deezer ?,Deezer,0,128
7697,EsportFan99,ALDI c'est le meilleur sponsor !,ALDI,0,128
7698,PlayerOne,Incroyable cette action de Gentle Mates !,None,1,128
7703,AldiGamer,L'image est trop belle sur mon écran TCL,TCL,0,128
7707,EsportFan99,Gg les gars !,None,0,128
7707,LoL_Lover,TCL font des bêtes de télé en vrai,TCL,0,128
7707,KCorp_Spy,Allez les Bleus ! #M8WIN,None,1,128
7708,LoL_Lover,Le stream bug non ?,None,0,128
7710,LoL_Lover,Le stream bug non ?,None,0,128
7712,SyntaxError,Mais non ?!? Quelle action !,None,0,128
7713,TCL_Screen,#M8WIN #M8WIN #M8WIN,None,1,128
7715,AldiGamer,Le son sur Deezer est lourd,Deezer,0,128
7718,M8_Fan,C'est quoi la musique d'attente ? sur Deezer ?,Deezer,0,128
7723,M8_Fan,Gg les gars !,None,0,128
7727,EsportFan99,Le son sur Deezer est lourd,Deezer,0,128
7729,EsportFan99,C'est quoi la musique d'attente ? sur Deezer ?,Deezer,0,128
7731,M8_Fan,Allez les Bleus ! #M8WIN,None,1,128
7739,DeezerEnjoyer,Le son sur Deezer est lourd,Deezer,0,128
7741,SyntaxError,C'est quoi la musique d'attente ? sur Deezer ?,Deezer,0,129
7749,SyntaxError,M8 à la vie à la mort,None,1,129
7752,SyntaxError,Mais non ?!? Quelle action !,None,0,129
7756,AldiGamer,TCL font des bêtes de télé en vrai,TCL,0,129
7756,KCorp_Spy,Allez les Bleus ! #M8WIN,None,1,129
7766,TCL_Screen,C'est quoi la musique d'attente ? sur Deezer ?,Deezer,0,129
7770,DeezerEnjoyer,J'adore le maillot avec le logo ALDI,ALDI,0,129
7771,EsportFan99,J'adore le maillot avec le logo ALDI,ALDI,0,129
7772,KCorp_Spy,ALDI c'est le meilleur sponsor !,ALDI,0,129
7772,TCL_Screen,Le stream bug non ?,None,0,129
7773,DeezerEnjoyer,#M8WIN #M8WIN #M8WIN,None,1,129
7774,AldiGamer,Incroyable cette action de Gentle Mates !,None,1,129
7775,KCorp_Spy,L'image est trop belle sur mon écran TCL,TCL,0,129
7781,EsportFan99,M8 domine complètement le match,None,1,129
7782,M8_Fan,Allez les Bleus ! #M8WIN,None,1,129
7782,LoL_Lover,J'adore le maillot avec le logo ALDI,ALDI,0,129
7784,KCorp_Spy,Le son sur Deezer est lourd,Deezer,0,129
7786,LoL_Lover,M8 à la vie à la mort,None,1,129
7788,PlayerOne,Allez les Bleus ! #M8WIN,None,1,129
7792,KCorp_Spy,J'adore le maillot avec le logo ALDI,ALDI,0,129
7797,AldiGamer,Le stream bug non ?,None,0,129
7803,DeezerEnjoyer,J'adore le maillot avec le logo ALDI,ALDI,0,130
7803,AldiGamer,Incroyable cette action de Gentle Mates !,None,1,130
7804,KCorp_Spy,C'est quoi la musique d'attente ? sur Deezer ?,Deezer,0,130
7807,KCorp_Spy,#M8WIN #M8WIN #M8WIN,None,1,130
7809,TCL_Screen,Incroyable cette action de Gentle Mates !,None,1,130
7814,PlayerOne,Le son sur Deezer est lourd,Deezer,0,130
7815,AldiGamer,Gg les gars !,None,0,130
7821,TCL_Screen,ALDI c'est le meilleur sponsor !,ALDI,0,130
7824,M8_Fan,Incroyable cette action de Gentle Mates !,None,1,130
7830,AldiGamer,Le stream bug non ?,None,0,130
7836,PlayerOne,TCL font des bêtes de télé en vrai,TCL,0,130
7841,KCorp_Spy,TCL font des bêtes de télé en vrai,TCL,0,130
7842,EsportFan99,Allez les Bleus ! #M8WIN,None,1,130
7844,SyntaxError,Mais non ?!? Quelle action !,None,0,130
7846,TCL_Screen,Le son sur Deezer est lourd,Deezer,0,130
7850,EsportFan99,Mais non ?!? Quelle action !,None,0,130
7850,TCL_Screen,M8 domine complètement le match,None,1,130
7855,TCL_Screen,M8 domine complètement le match,None,1,130
7858,LoL_Lover,M8 domine complètement le match,None,1,130
7861,LoL_Lover,Le stream bug non ?,None,0,131
7863,PlayerOne,Mais non ?!? Quelle action !,None,0,131
7863,DeezerEnjoyer,Mais non ?!? Quelle action !,None,0,131
7863,DeezerEnjoyer,Gg les gars !,None,0,131
7863,LoL_Lover,M8 domine complètement le match,None,1,131
7865,LoL_Lover,Gg les gars !,None,0,131
7867,KCorp_Spy,M8 domine complètement le match,None,1,131
7867,PlayerOne,M8 domine complètement le match,None,1,131
7868,DeezerEnjoyer,Allez les Bleus ! #M8WIN,None,1,131
7871,AldiGamer,C'est quoi la musique d'attente ? sur Deezer ?,Deezer,0,131
7873,SyntaxError,ALDI c'est le meilleur sponsor !,ALDI,0,131
7873,M8_Fan,M8 domine complètement le match,None,1,131
7874,DeezerEnjoyer,Allez les Bleus ! #M8WIN,None,1,131
7875,LoL_Lover,M8 domine complètement le match,None,1,131
7876,LoL_Lover,Incroyable cette action de Gentle Mates !,None,1,131
7877,AldiGamer,J'adore le maillot avec le logo ALDI,ALDI,0,131
7878,KCorp_Spy,M8 à la vie à la mort,None,1,131
7879,KCorp_Spy,#M8WIN #M8WIN #M8WIN,None,1,131
7881,PlayerOne,M8 à la vie à la mort,None,1,131
7882,SyntaxError,Mais non ?!? Quelle action !,None,0,131
7883,KCorp_Spy,ALDI c'est le meilleur sponsor !,ALDI,0,131
7884,AldiGamer,C'est quoi la musique d'attente ? sur Deezer ?,Deezer,0,131
7885,DeezerEnjoyer,J'adore le maillot avec le logo ALDI,ALDI,0,131
7885,TCL_Screen,L'image est trop belle sur mon écran TCL,TCL,0,131
7888,TCL_Screen,Le stream bug non ?,None,0,131
7889,M8_Fan,L'image est trop belle sur mon écran TCL,TCL,0,131
7890,LoL_Lover,M8 domine complètement le match,None,1,131
7892,TCL_Screen,J'adore le maillot avec le logo ALDI,ALDI,0,131
7903,DeezerEnjoyer,TCL font des bêtes de télé en vrai,TCL,0,131
7903,KCorp_Spy,ALDI c'est le meilleur sponsor !,ALDI,0,131
7905,PlayerOne,Le stream bug non ?,None,0,131
7905,TCL_Screen,Allez les Bleus ! #M8WIN,None,1,131
7906,KCorp_Spy,#M8WIN #M8WIN #M8WIN,None,1,131
7908,SyntaxError,Le stream bug non ?,None,0,131
7914,AldiGamer,Gg les gars !,None,0,131
7917,EsportFan99,J'adore le maillot avec le logo ALDI,ALDI,0,131
7918,LoL_Lover,TCL font des bêtes de télé en vrai,TCL,0,131
7918,TCL_Screen,L'image est trop belle sur mon écran TCL,TCL,0,131
7921,AldiGamer,J'adore le maillot avec le logo ALDI,ALDI,0,132
7923,SyntaxError,M8 à la vie à la mort,None,1,132
7923,AldiGamer,J'adore le maillot avec le logo ALDI,ALDI,0,132
7929,LoL_Lover,M8 domine complètement le match,None,1,132
7931,LoL_Lover,Incroyable cette action de Gentle Mates !,None,1,132
7931,SyntaxError,Allez les Bleus ! #M8WIN,None,1,132
7931,M8_Fan,J'adore le maillot avec le logo ALDI,ALDI,0,132
7932,DeezerEnjoyer,C'est quoi la musique d'attente ? sur Deezer ?,Deezer,0,132
7934,PlayerOne,TCL font des bêtes de télé en vrai,TCL,0,132
7936,EsportFan99,Gg les gars !,None,0,132
7945,LoL_Lover,M8 à la vie à la mort,None,1,132
7945,PlayerOne,Allez les Bleus ! #M8WIN,None,1,132
7948,AldiGamer,M8 domine complètement le match,None,1,132
7956,TCL_Screen,Mais non ?!? Quelle action !,None,0,132
7961,DeezerEnjoyer,TCL font des bêtes de télé en vrai,TCL,0,132
7961,EsportFan99,Gg les gars !,None,0,132
7961,AldiGamer,Le son sur Deezer est lourd,Deezer,0,132
7961,KCorp_Spy,Mais non ?!? Quelle action !,None,0,132
7962,DeezerEnjoyer,J'adore le maillot avec le logo ALDI,ALDI,0,132
7963,M8_Fan,Gg les gars !,None,0,132
7967,SyntaxError,Allez les Bleus ! #M8WIN,None,1,132
7969,M8_Fan,Gg les gars !,None,0,132
7969,TCL_Screen,Gg les gars !,None,0,132
7976,AldiGamer,Mais non ?!? Quelle action !,None,0,132
7976,M8_Fan,J'adore le maillot avec le logo ALDI,ALDI,0,132
7978,TCL_Screen,M8 à la vie à la mort,None,1,132
7979,SyntaxError,M8 à la vie à la mort,None,1,132
7979,PlayerOne,Le son sur Deezer est lourd,Deezer,0,132
7980,M8_Fan,Incroyable cette action de Gentle Mates !,None,1,133
7980,TCL_Screen,Gg les gars !,None,0,133
7983,M8_Fan,L'image est trop belle sur mon écran TCL,TCL,0,133
7984,AldiGamer,#M8WIN #M8WIN #M8WIN,None,1,133
7985,M8_Fan,C'est quoi la musique d'attente ? sur Deezer ?,Deezer,0,133
7986,PlayerOne,M8 domine complètement le match,None,1,133
7990,DeezerEnjoyer,L'image est trop belle sur mon écran TCL,TCL,0,133
7993,KCorp_Spy,J'adore le maillot avec le logo ALDI,ALDI,0,133
7994,M8_Fan,Gg les gars !,None,0,133
7995,LoL_Lover,J'adore le maillot avec le logo ALDI,ALDI,0,133
7995,SyntaxError,Incroyable cette action de Gentle Mates !,None,1,133
7996,EsportFan99,Mais non ?!? Quelle action !,None,0,133
7999,DeezerEnjoyer,J'adore le maillot avec le logo ALDI,ALDI,0,133
8002,EsportFan99,Allez les Bleus ! #M8WIN,None,1,133
8002,EsportFan99,Le stream bug non ?,None,0,133
8005,LoL_Lover,#M8WIN #M8WIN #M8WIN,None,1,133
8006,AldiGamer,Le stream bug non ?,None,0,133
8007,SyntaxError,J'adore le maillot avec le logo ALDI,ALDI,0,133
8007,EsportFan99,J'adore le maillot avec le logo ALDI,ALDI,0,133
8008,SyntaxError,J'adore le maillot avec le logo ALDI,ALDI,0,133
8010,AldiGamer,TCL font des bêtes de télé en vrai,TCL,0,133
8012,LoL_Lover,ALDI c'est le meilleur sponsor !,ALDI,0,133
8016,SyntaxError,#M8WIN #M8WIN #M8WIN,None,1,133
8017,SyntaxError,M8 à la vie à la mort,None,1,133
8024,TCL_Screen,Le stream bug non ?,None,0,133
8028,M8_Fan,Allez les Bleus ! #M8WIN,None,1,133
8033,EsportFan99,C'est quoi la musique d'attente ? sur Deezer ?,Deezer,0,133
8037,KCorp_Spy,Incroyable cette action de Gentle Mates !,None,1,133
8038,DeezerEnjoyer,ALDI c'est le meilleur sponsor !,ALDI,0,133
8039,SyntaxError,L'image est trop belle sur mon écran TCL,TCL,0,133
8042,M8_Fan,Mais non ?!? Quelle action !,None,0,134
8045,LoL_Lover,M8 domine complètement le match,None,1,134
8045,AldiGamer,L'image est trop belle sur mon écran TCL,TCL,0,134
8046,KCorp_Spy,L'image est trop belle sur mon écran TCL,TCL,0,134
8052,EsportFan99,M8 à la vie à la mort,None,1,134
8055,SyntaxError,Le son sur Deezer est lourd,Deezer,0,134
8056,EsportFan99,L'image est trop belle sur mon écran TCL,TCL,0,134
8060,PlayerOne,Mais non ?!? Quelle action !,None,0,134
8060,AldiGamer,TCL font des bêtes de télé en vrai,TCL,0,134
8062,M8_Fan,C'est quoi la musique d'attente ? sur Deezer ?,Deezer,0,134
8062,KCorp_Spy,Gg les gars !,None,0,134
8066,EsportFan99,C'est quoi la musique d'attente ? sur Deezer ?,Deezer,0,134
8067,TCL_Screen,#M8WIN #M8WIN #M8WIN,None,1,134
8069,LoL_Lover,M8 à la vie à la mort,None,1,134
8071,DeezerEnjoyer,Allez les Bleus ! #M8WIN,None,1,134
8073,M8_Fan,Incroyable cette action de Gentle Mates !,None,1,134
8075,TCL_Screen,TCL font des bêtes de télé en vrai,TCL,0,134
8077,KCorp_Spy,ALDI c'est le meilleur sponsor !,ALDI,0,134
8077,KCorp_Spy,Gg les gars !,None,0,134
8077,EsportFan99,Allez les Bleus ! #M8WIN,None,1,134
8080,DeezerEnjoyer,M8 à la vie à la mort,None,1,134
8083,TCL_Screen,M8 à la vie à la mort,None,1,134
8089,SyntaxError,Le son sur Deezer est lourd,Deezer,0,134
8091,EsportFan99,J'adore le maillot avec le logo ALDI,ALDI,0,134
8093,LoL_Lover,TCL font des bêtes de télé en vrai,TCL,0,134
8096,AldiGamer,Allez les Bleus ! #M8WIN,None,1,134
8099,M8_Fan,TCL font des bêtes de télé en vrai,TCL,0,134
8100,LoL_Lover,Le son sur Deezer est lourd,Deezer,0,135
8101,KCorp_Spy,Gg les gars !,None,0,135
8106,AldiGamer,Incroyable cette action de Gentle Mates !,None,1,135
8106,EsportFan99,L'image est trop belle sur mon écran TCL,TCL,0,135
8107,TCL_Screen,Mais non ?!? Quelle action !,None,0,135
8112,M8_Fan,ALDI c'est le meilleur sponsor !,ALDI,0,135
8116,LoL_Lover,J'adore le maillot avec le logo ALDI,ALDI,0,135
8116,EsportFan99,M8 à la vie à la mort,None,1,135
8119,PlayerOne,Le son sur Deezer est lourd,Deezer,0,135
8120,PlayerOne,Mais non ?!? Quelle action !,None,0,135
8121,M8_Fan,Incroyable cette action de Gentle Mates !,None,1,135
8123,KCorp_Spy,M8 domine complètement le match,None,1,135
8125,PlayerOne,TCL font des bêtes de télé en vrai,TCL,0,135
8132,TCL_Screen,Le stream bug non ?,None,0,135
8133,EsportFan99,Le stream bug non ?,None,0,135
8134,PlayerOne,#M8WIN #M8WIN #M8WIN,None,1,135
8135,DeezerEnjoyer,M8 domine complètement le match,None,1,135
8140,DeezerEnjoyer,Gg les gars !,None,0,135
8143,PlayerOne,M8 à la vie à la mort,None,1,135
8144,KCorp_Spy,Le son sur Deezer est lourd,Deezer,0,135
8149,PlayerOne,Mais non ?!? Quelle action !,None,0,135
8149,EsportFan99,Gg les gars !,None,0,135
8150,SyntaxError,C'est quoi la musique d'attente ? sur Deezer ?,Deezer,0,135
8153,M8_Fan,Mais non ?!? Quelle action !,None,0,135
8154,PlayerOne,L'image est trop belle sur mon écran TCL,TCL,0,135
8160,DeezerEnjoyer,J'adore le maillot avec le logo ALDI,ALDI,0,136
8161,PlayerOne,Le son sur Deezer est lourd,Deezer,0,136
8162,KCorp_Spy,Le stream bug non ?,None,0,136
8163,M8_Fan,M8 domine complètement le match,None,1,136
8166,KCorp_Spy,Incroyable cette action de Gentle Mates !,None,1,136
8166,PlayerOne,TCL font des bêtes de télé en vrai,TCL,0,136
8168,EsportFan99,Gg les gars !,None,0,136
8172,SyntaxError,J'adore le maillot avec le logo ALDI,ALDI,0,136
8173,DeezerEnjoyer,Incroyable cette action de Gentle Mates !,None,1,136
8174,EsportFan99,Allez les Bleus ! #M8WIN,None,1,136
8178,PlayerOne,Mais non ?!? Quelle action !,None,0,136
8178,KCorp_Spy,Gg les gars !,None,0,136
8182,SyntaxError,TCL font des bêtes de télé en vrai,TCL,0,136
8182,AldiGamer,C'est quoi la musique d'attente ? sur Deezer ?,Deezer,0,136
8183,LoL_Lover,Le son sur Deezer est lourd,Deezer,0,136
8183,SyntaxError,Mais non ?!? Quelle action !,None,0,136
8184,SyntaxError,Mais non ?!? Quelle action !,None,0,136
8187,DeezerEnjoyer,Incroyable cette action de Gentle Mates !,None,1,136
8188,LoL_Lover,L'image est trop belle sur mon écran TCL,TCL,0,136
8192,PlayerOne,L'image est trop belle sur mon écran TCL,TCL,0,136
8195,LoL_Lover,ALDI c'est le meilleur sponsor !,ALDI,0,136
8195,TCL_Screen,Allez les Bleus ! #M8WIN,None,1,136
8196,EsportFan99,M8 domine complètement le match,None,1,136
8199,LoL_Lover,M8 domine complètement le match,None,1,136
8201,TCL_Screen,#M8WIN #M8WIN #M8WIN,None,1,136
8203,EsportFan99,M8 à la vie à la mort,None,1,136
8204,KCorp_Spy,M8 domine complètement le match,None,1,136
8207,KCorp_Spy,Le stream bug non ?,None,0,136
8211,M8_Fan,M8 à la vie à la mort,None,1,136
8211,PlayerOne,TCL font des bêtes de télé en vrai,TCL,0,136
8213,PlayerOne,#M8WIN #M8WIN #M8WIN,None,1,136
8213,AldiGamer,TCL font des bêtes de télé en vrai,TCL,0,136
8216,M8_Fan,TCL font des bêtes de télé en vrai,TCL,0,136
8221,SyntaxError,Allez les Bleus ! #M8WIN,None,1,137
8223,PlayerOne,Mais non ?!? Quelle action !,None,0,137
8224,EsportFan99,M8 à la vie à la mort,None,1,137
8226,EsportFan99,M8 à la vie à la mort,None,1,137
8227,PlayerOne,Incroyable cette action de Gentle Mates !,None,1,137
8227,EsportFan99,Gg les gars !,None,0,137
8229,M8_Fan,#M8WIN #M8WIN #M8WIN,None,1,137
8233,PlayerOne,M8 domine complètement le match,None,1,137
8234,TCL_Screen,J'adore le maillot avec le logo ALDI,ALDI,0,137
8239,LoL_Lover,Mais non ?!? Quelle action !,None,0,137
8239,PlayerOne,Le stream bug non ?,None,0,137
8240,EsportFan99,M8 domine complètement le match,None,1,137
8247,PlayerOne,TCL font des bêtes de télé en vrai,TCL,0,137
8247,LoL_Lover,Gg les gars !,None,0,137
8247,M8_Fan,M8 à la vie à la mort,None,1,137
8249,TCL_Screen,Le stream bug non ?,None,0,137
8249,DeezerEnjoyer,C'est quoi la musique d'attente ? sur Deezer ?,Deezer,0,137
8249,AldiGamer,Le son sur Deezer est lourd,Deezer,0,137
8263,KCorp_Spy,M8 domine complètement le match,None,1,137
8266,TCL_Screen,Gg les gars !,None,0,137
8267,LoL_Lover,C'est quoi la musique d'attente ? sur Deezer ?,Deezer,0,137
8267,AldiGamer,M8 domine complètement le match,None,1,137
8268,M8_Fan,TCL font des bêtes de télé en vrai,TCL,0,137
8269,TCL_Screen,L'image est trop belle sur mon écran TCL,TCL,0,137
8271,M8_Fan,C'est quoi la musique d'attente ? sur Deezer ?,Deezer,0,137
8272,DeezerEnjoyer,Le stream bug non ?,None,0,137
8276,SyntaxError,ALDI c'est le meilleur sponsor !,ALDI,0,137
8276,KCorp_Spy,ALDI c'est le meilleur sponsor !,ALDI,0,137
8278,M8_Fan,Le son sur Deezer est lourd,Deezer,0,137
8278,TCL_Screen,J'adore le maillot avec le logo ALDI,ALDI,0,137
8280,TCL_Screen,J'adore le maillot avec le logo ALDI,ALDI,0,138
8283,TCL_Screen,Le son sur Deezer est lourd,Deezer,0,138
8284,M8_Fan,Le stream bug non ?,None,0,138
8285,LoL_Lover,C'est quoi la musique d'attente ? sur Deezer ?,Deezer,0,138
8286,AldiGamer,Gg les gars !,None,0,138
8286,LoL_Lover,#M8WIN #M8WIN #M8WIN,None,1,138
8293,TCL_Screen,Incroyable cette action de Gentle Mates !,None,1,138
8300,SyntaxError,J'adore le maillot avec le logo ALDI,ALDI,0,138
8301,SyntaxError,M8 domine complètement le match,None,1,138
8301,PlayerOne,C'est quoi la musique d'attente ? sur Deezer ?,Deezer,0,138
8306,LoL_Lover,Mais non ?!? Quelle action !,None,0,138
8309,AldiGamer,Gg les gars !,None,0,138
8312,AldiGamer,Incroyable cette action de Gentle Mates !,None,1,138
8313,M8_Fan,ALDI c'est le meilleur sponsor !,ALDI,0,138
8319,SyntaxError,Le stream bug non ?,None,0,138
8323,KCorp_Spy,Mais non ?!? Quelle action !,None,0,138
8325,EsportFan99,M8 domine complètement le match,None,1,138
8325,SyntaxError,Gg les gars !,None,0,138
8327,SyntaxError,#M8WIN #M8WIN #M8WIN,None,1,138
8328,AldiGamer,J'adore le maillot avec le logo ALDI,ALDI,0,138
8329,SyntaxError,Allez les Bleus ! #M8WIN,None,1,138
8331,DeezerEnjoyer,L'image est trop belle sur mon écran TCL,TCL,0,138
8331,DeezerEnjoyer,M8 à la vie à la mort,None,1,138
8336,AldiGamer,Allez les Bleus ! #M8WIN,None,1,138
8339,TCL_Screen,M8 à la vie à la mort,None,1,138
8343,EsportFan99,#M8WIN #M8WIN #M8WIN,None,1,139
8344,EsportFan99,Gg les gars !,None,0,139
8344,SyntaxError,C'est quoi la musique d'attente ? sur Deezer ?,Deezer,0,139
8345,DeezerEnjoyer,J'adore le maillot avec le logo ALDI,ALDI,0,139
8349,DeezerEnjoyer,Allez les Bleus ! #M8WIN,None,1,139
8349,SyntaxError,M8 domine complètement le match,None,1,139
8351,AldiGamer,M8 domine complètement le match,None,1,139
8351,M8_Fan,Le son sur Deezer est lourd,Deezer,0,139
8353,TCL_Screen,J'adore le maillot avec le logo ALDI,ALDI,0,139
8353,DeezerEnjoyer,C'est quoi la musique d'attente ? sur Deezer ?,Deezer,0,139
8361,AldiGamer,C'est quoi la musique d'attente ? sur Deezer ?,Deezer,0,139
8362,EsportFan99,ALDI c'est le meilleur sponsor !,ALDI,0,139
8363,TCL_Screen,Mais non ?!? Quelle action !,None,0,139
8363,AldiGamer,M8 domine complètement le match,None,1,139
8363,PlayerOne,Le son sur Deezer est lourd,Deezer,0,139
8366,AldiGamer,Allez les Bleus ! #M8WIN,None,1,139
8366,TCL_Screen,Le son sur Deezer est lourd,Deezer,0,139
8369,SyntaxError,J'adore le maillot avec le logo ALDI,ALDI,0,139
8377,LoL_Lover,#M8WIN #M8WIN #M8WIN,None,1,139
8380,TCL_Screen,Le stream bug non ?,None,0,139
8380,DeezerEnjoyer,Le stream bug non ?,None,0,139
8381,EsportFan99,Incroyable cette action de Gentle Mates !,None,1,139
8381,PlayerOne,Allez les Bleus ! #M8WIN,None,1,139
8382,TCL_Screen,L'image est trop belle sur mon écran TCL,TCL,0,139
8385,DeezerEnjoyer,ALDI c'est le meilleur sponsor !,ALDI,0,139
8386,DeezerEnjoyer,M8 domine complètement le match,None,1,139
8387,M8_Fan,TCL font des bêtes de télé en vrai,TCL,0,139
8388,DeezerEnjoyer,C'est quoi la musique d'attente ? sur Deezer ?,Deezer,0,139
8389,LoL_Lover,ALDI c'est le meilleur sponsor !,ALDI,0,139
8391,M8_Fan,J'adore le maillot avec le logo ALDI,ALDI,0,139
8391,LoL_Lover,Incroyable cette action de Gentle Mates !,None,1,139
8394,DeezerEnjoyer,Allez les Bleus ! #M8WIN,None,1,139
8397,SyntaxError,#M8WIN #M8WIN #M8WIN,None,1,139
8400,SyntaxError,M8 à la vie à la mort,None,1,140
8403,SyntaxError,Incroyable cette action de Gentle Mates !,None,1,140
8403,M8_Fan,C'est quoi la musique d'attente ? sur Deezer ?,Deezer,0,140
8404,LoL_Lover,Allez les Bleus ! #M8WIN,None,1,140
8406,DeezerEnjoyer,Allez les Bleus ! #M8WIN,None,1,140
8415,SyntaxError,C'est quoi la musique d'attente ? sur Deezer ?,Deezer,0,140
8416,M8_Fan,Le stream bug non ?,None,0,140
8417,KCorp_Spy,Allez les Bleus ! #M8WIN,None,1,140
8424,AldiGamer,ALDI c'est le meilleur sponsor !,ALDI,0,140
8426,PlayerOne,ALDI c'est le meilleur sponsor !,ALDI,0,140
8428,TCL_Screen,Le stream bug non ?,None,0,140
8428,DeezerEnjoyer,M8 domine complètement le match,None,1,140
8439,KCorp_Spy,M8 domine complètement le match,None,1,140
8442,EsportFan99,Mais non ?!? Quelle action !,None,0,140
8446,AldiGamer,Incroyable cette action de Gentle Mates !,None,1,140
8448,KCorp_Spy,C'est quoi la musique d'attente ? sur Deezer ?,Deezer,0,140
8456,TCL_Screen,#M8WIN #M8WIN #M8WIN,None,1,140
8458,KCorp_Spy,Mais non ?!? Quelle action !,None,0,140
8458,LoL_Lover,J'adore le maillot avec le logo ALDI,ALDI,0,140
8462,M8_Fan,Mais non ?!? Quelle action !,None,0,141
8463,PlayerOne,Gg les gars !,None,0,141
8463,KCorp_Spy,C'est quoi la musique d'attente ? sur Deezer ?,Deezer,0,141
8465,AldiGamer,ALDI c'est le meilleur sponsor !,ALDI,0,141
8466,TCL_Screen,ALDI c'est le meilleur sponsor !,ALDI,0,141
8467,PlayerOne,#M8WIN #M8WIN #M8WIN,None,1,141
8467,KCorp_Spy,Allez les Bleus ! #M8WIN,None,1,141
8473,AldiGamer,J'adore le maillot avec le logo ALDI,ALDI,0,141
8474,KCorp_Spy,Le stream bug non ?,None,0,141
8475,PlayerOne,Mais non ?!? Quelle action !,None,0,141
8478,AldiGamer,Allez les Bleus ! #M8WIN,None,1,141
8478,DeezerEnjoyer,#M8WIN #M8WIN #M8WIN,None,1,141
8480,SyntaxError,#M8WIN #M8WIN #M8WIN,None,1,141
8483,LoL_Lover,Le son sur Deezer est lourd,Deezer,0,141
8485,DeezerEnjoyer,#M8WIN #M8WIN #M8WIN,None,1,141
8487,PlayerOne,Le stream bug non ?,None,0,141
8487,DeezerEnjoyer,Le stream bug non ?,None,0,141
8488,AldiGamer,Gg les gars !,None,0,141
8492,SyntaxError,Le stream bug non ?,None,0,141
8492,SyntaxError,Mais non ?!? Quelle action !,None,0,141
8494,EsportFan99,M8 domine complètement le match,None,1,141
8496,M8_Fan,#M8WIN #M8WIN #M8WIN,None,1,141
8499,AldiGamer,J'adore le maillot avec le logo ALDI,ALDI,0,141
8500,PlayerOne,Mais non ?!? Quelle action !,None,0,141
8502,EsportFan99,ALDI c'est le meilleur sponsor !,ALDI,0,141
8503,DeezerEnjoyer,#M8WIN #M8WIN #M8WIN,None,1,141
8504,AldiGamer,J'adore le maillot avec le logo ALDI,ALDI,0,141
8504,SyntaxError,Allez les Bleus ! #M8WIN,None,1,141
8504,PlayerOne,Allez les Bleus ! #M8WIN,None,1,141
8505,M8_Fan,M8 domine complètement le match,None,1,141
8507,AldiGamer,Incroyable cette action de Gentle Mates !,None,1,141
8512,SyntaxError,M8 à la vie à la mort,None,1,141
8513,PlayerOne,L'image est trop belle sur mon écran TCL,TCL,0,141
8514,AldiGamer,L'image est trop belle sur mon écran TCL,TCL,0,141
8522,AldiGamer,Le son sur Deezer est lourd,Deezer,0,142
8522,TCL_Screen,ALDI c'est le meilleur sponsor !,ALDI,0,142
8523,EsportFan99,Le son sur Deezer est lourd,Deezer,0,142
8524,PlayerOne,M8 domine complètement le match,None,1,142
8525,AldiGamer,M8 domine complètement le match,None,1,142
8525,DeezerEnjoyer,J'adore le maillot avec le logo ALDI,ALDI,0,142
8526,TCL_Screen,C'est quoi la musique d'attente ? sur Deezer ?,Deezer,0,142
8528,EsportFan99,ALDI c'est le meilleur sponsor !,ALDI,0,142
8530,KCorp_Spy,TCL font des bêtes de télé en vrai,TCL,0,142
8537,TCL_Screen,Incroyable cette action de Gentle Mates !,None,1,142
8538,EsportFan99,Le stream bug non ?,None,0,142
8539,PlayerOne,Mais non ?!? Quelle action !,None,0,142
8539,M8_Fan,Gg les gars !,None,0,142
8547,EsportFan99,Le son sur Deezer est lourd,Deezer,0,142
8547,KCorp_Spy,L'image est trop belle sur mon écran TCL,TCL,0,142
8548,TCL_Screen,Incroyable cette action de Gentle Mates !,None,1,142
8548,DeezerEnjoyer,Incroyable cette action de Gentle Mates !,None,1,142
8555,DeezerEnjoyer,#M8WIN #M8WIN #M8WIN,None,1,142
8557,AldiGamer,J'adore le maillot avec le logo ALDI,ALDI,0,142
8558,SyntaxError,C'est quoi la musique d'attente ? sur Deezer ?,Deezer,0,142
8563,TCL_Screen,TCL font des bêtes de télé en vrai,TCL,0,142
8564,SyntaxError,Gg les gars !,None,0,142
8564,TCL_Screen,M8 à la vie à la mort,None,1,142
8565,DeezerEnjoyer,TCL font des bêtes de télé en vrai,TCL,0,142
8568,TCL_Screen,J'adore le maillot avec le logo ALDI,ALDI,0,142
8575,TCL_Screen,C'est quoi la musique d'attente ? sur Deezer ?,Deezer,0,142
8577,TCL_Screen,#M8WIN #M8WIN #M8WIN,None,1,142
8579,KCorp_Spy,Mais non ?!? Quelle action !,None,0,142
8580,KCorp_Spy,Le stream bug non ?,None,0,143
8580,KCorp_Spy,Gg les gars !,None,0,143
8580,AldiGamer,M8 domine complètement le match,None,1,143
8581,PlayerOne,Gg les gars !,None,0,143
8583,KCorp_Spy,Le son sur Deezer est lourd,Deezer,0,143
8583,AldiGamer,Gg les gars !,None,0,143
8588,DeezerEnjoyer,Allez les Bleus ! #M8WIN,None,1,143
8591,SyntaxError,M8 domine complètement le match,None,1,143
8592,M8_Fan,#M8WIN #M8WIN #M8WIN,None,1,143
8592,SyntaxError,L'image est trop belle sur mon écran TCL,TCL,0,143
8594,PlayerOne,Le stream bug non ?,None,0,143
8605,SyntaxError,Incroyable cette action de Gentle Mates !,None,1,143
8607,LoL_Lover,TCL font des bêtes de télé en vrai,TCL,0,143
8607,EsportFan99,L'image est trop belle sur mon écran TCL,TCL,0,143
8608,TCL_Screen,ALDI c'est le meilleur sponsor !,ALDI,0,143
8608,M8_Fan,ALDI c'est le meilleur sponsor !,ALDI,0,143
8609,EsportFan99,C'est quoi la musique d'attente ? sur Deezer ?,Deezer,0,143
8609,DeezerEnjoyer,Incroyable cette action de Gentle Mates !,None,1,143
8610,PlayerOne,J'adore le maillot avec le logo ALDI,ALDI,0,143
8616,M8_Fan,Mais non ?!? Quelle action !,None,0,143
8618,PlayerOne,#M8WIN #M8WIN #M8WIN,None,1,143
8619,AldiGamer,#M8WIN #M8WIN #M8WIN,None,1,143
8621,DeezerEnjoyer,TCL font des bêtes de télé en vrai,TCL,0,143
8621,LoL_Lover,Incroyable cette action de Gentle Mates !,None,1,143
8623,TCL_Screen,Incroyable cette action de Gentle Mates !,None,1,143
8627,SyntaxError,J'adore le maillot avec le logo ALDI,ALDI,0,143
8629,TCL_Screen,Incroyable cette action de Gentle Mates !,None,1,143
8635,SyntaxError,ALDI c'est le meilleur sponsor !,ALDI,0,143
8639,PlayerOne,L'image est trop belle sur mon écran TCL,TCL,0,143
8640,EsportFan99,M8 domine complètement le match,None,1,144
8641,TCL_Screen,ALDI c'est le meilleur sponsor !,ALDI,0,144
8642,KCorp_Spy,Incroyable cette action de Gentle Mates !,None,1,144
8645,AldiGamer,TCL font des bêtes de télé en vrai,TCL,0,144
8646,EsportFan99,Le son sur Deezer est lourd,Deezer,0,144
8646,KCorp_Spy,Allez les Bleus ! #M8WIN,None,1,144
8646,LoL_Lover,M8 domine complètement le match,None,1,144
8651,SyntaxError,Incroyable cette action de Gentle Mates !,None,1,144
8652,SyntaxError,Le son sur Deezer est lourd,Deezer,0,144
8653,LoL_Lover,J'adore le maillot avec le logo ALDI,ALDI,0,144
8656,AldiGamer,TCL font des bêtes de télé en vrai,TCL,0,144
8659,KCorp_Spy,M8 domine complètement le match,None,1,144
8661,SyntaxError,TCL font des bêtes de télé en vrai,TCL,0,144
8662,AldiGamer,L'image est trop belle sur mon écran TCL,TCL,0,144
8664,AldiGamer,Mais non ?!? Quelle action !,None,0,144
8665,AldiGamer,Gg les gars !,None,0,144
8666,M8_Fan,Le stream bug non ?,None,0,144
8666,AldiGamer,Le stream bug non ?,None,0,144
8667,AldiGamer,ALDI c'est le meilleur sponsor !,ALDI,0,144
8669,KCorp_Spy,Le stream bug non ?,None,0,144
8671,AldiGamer,#M8WIN #M8WIN #M8WIN,None,1,144
8672,TCL_Screen,J'adore le maillot avec le logo ALDI,ALDI,0,144
8672,LoL_Lover,M8 à la vie à la mort,None,1,144
8676,M8_Fan,L'image est trop belle sur mon écran TCL,TCL,0,144
8676,DeezerEnjoyer,Le stream bug non ?,None,0,144
8683,PlayerOne,ALDI c'est le meilleur sponsor !,ALDI,0,144
8686,KCorp_Spy,C'est quoi la musique d'attente ? sur Deezer ?,Deezer,0,144
8689,EsportFan99,M8 à la vie à la mort,None,1,144
8691,PlayerOne,C'est quoi la musique d'attente ? sur Deezer ?,Deezer,0,144
8694,SyntaxError,C'est quoi la musique d'attente ? sur Deezer ?,Deezer,0,144
8694,KCorp_Spy,Allez les Bleus ! #M8WIN,None,1,144
8695,SyntaxError,C'est quoi la musique d'attente ? sur Deezer ?,Deezer,0,144
8701,KCorp_Spy,ALDI c'est le meilleur sponsor !,ALDI,0,145
8706,LoL_Lover,M8 à la vie à la mort,None,1,145
8707,DeezerEnjoyer,Le stream bug non ?,None,0,145
8708,EsportFan99,Le son sur Deezer est lourd,Deezer,0,145
8709,M8_Fan,Le stream bug non ?,None,0,145
8712,DeezerEnjoyer,M8 à la vie à la mort,None,1,145
8713,AldiGamer,Allez les Bleus ! #M8WIN,None,1,145
8713,DeezerEnjoyer,Le son sur Deezer est lourd,Deezer,0,145
8714,AldiGamer,L'image est trop belle sur mon écran TCL,TCL,0,145
8714,DeezerEnjoyer,Allez les Bleus ! #M8WIN,None,1,145
8715,PlayerOne,C'est quoi la musique d'attente ? sur Deezer ?,Deezer,0,145
8715,TCL_Screen,M8 domine complètement le match,None,1,145
8716,LoL_Lover,Allez les Bleus ! #M8WIN,None,1,145
8721,KCorp_Spy,M8 à la vie à la mort,None,1,145
8724,M8_Fan,Le stream bug non ?,None,0,145
8730,DeezerEnjoyer,Incroyable cette action de Gentle Mates !,None,1,145
8732,M8_Fan,#M8WIN #M8WIN #M8WIN,None,1,145
8733,M8_Fan,Gg les gars !,None,0,145
8737,EsportFan99,Gg les gars !,None,0,145
8737,M8_Fan,#M8WIN #M8WIN #M8WIN,None,1,145
8738,LoL_Lover,Le son sur Deezer est lourd,Deezer,0,145
8741,PlayerOne,#M8WIN #M8WIN #M8WIN,None,1,145
8744,KCorp_Spy,#M8WIN #M8WIN #M8WIN,None,1,145
8749,PlayerOne,J'adore le maillot avec le logo ALDI,ALDI,0,145
8755,TCL_Screen,Gg les gars !,None,0,145
8758,M8_Fan,Le stream bug non ?,None,0,145
8762,PlayerOne,C'est quoi la musique d'attente ? sur Deezer ?,Deezer,0,146
8763,SyntaxError,Le stream bug non ?,None,0,146
8763,EsportFan99,M8 domine complètement le match,None,1,146
8763,SyntaxError,#M8WIN #M8WIN #M8WIN,None,1,146
8766,KCorp_Spy,TCL font des bêtes de télé en vrai,TCL,0,146
8768,KCorp_Spy,Allez les Bleus ! #M8WIN,None,1,146
8769,M8_Fan,ALDI c'est le meilleur sponsor !,ALDI,0,146
8771,KCorp_Spy,J'adore le maillot avec le logo ALDI,ALDI,0,146
8771,KCorp_Spy,Le stream bug non ?,None,0,146
8771,KCorp_Spy,Incroyable cette action de Gentle Mates !,None,1,146
8773,LoL_Lover,L'image est trop belle sur mon écran TCL,TCL,0,146
8773,M8_Fan,M8 à la vie à la mort,None,1,146
8773,KCorp_Spy,M8 domine complètement le match,None,1,146
8776,DeezerEnjoyer,Mais non ?!? Quelle action !,None,0,146
8779,LoL_Lover,M8 à la vie à la mort,None,1,146
8781,LoL_Lover,#M8WIN #M8WIN #M8WIN,None,1,146
8782,SyntaxError,L'image est trop belle sur mon écran TCL,TCL,0,146
8785,KCorp_Spy,M8 domine complètement le match,None,1,146
8787,AldiGamer,#M8WIN #M8WIN #M8WIN,None,1,146
8788,AldiGamer,J'adore le maillot avec le logo ALDI,ALDI,0,146
8793,TCL_Screen,ALDI c'est le meilleur sponsor !,ALDI,0,146
8795,DeezerEnjoyer,ALDI c'est le meilleur sponsor !,ALDI,0,146
8801,EsportFan99,M8 domine complètement le match,None,1,146
8802,PlayerOne,Le stream bug non ?,None,0,146
8804,LoL_Lover,Allez les Bleus ! #M8WIN,None,1,146
8808,EsportFan99,Le son sur Deezer est lourd,Deezer,0,146
8810,KCorp_Spy,Mais non ?!? Quelle action !,None,0,146
8815,EsportFan99,J'adore le maillot avec le logo ALDI,ALDI,0,146
8816,LoL_Lover,J'adore le maillot avec le logo ALDI,ALDI,0,146
8819,TCL_Screen,Le son sur Deezer est lourd,Deezer,0,146
8819,AldiGamer,M8 domine complètement le match,None,1,146
8820,LoL_Lover,M8 à la vie à la mort,None,1,147
8820,DeezerEnjoyer,Mais non ?!? Quelle action !,None,0,147
8820,EsportFan99,Gg les gars !,None,0,147
8824,M8_Fan,ALDI c'est le meilleur sponsor !,ALDI,0,147
8826,KCorp_Spy,#M8WIN #M8WIN #M8WIN,None,1,147
8827,TCL_Screen,C'est quoi la musique d'attente ? sur Deezer ?,Deezer,0,147
8829,KCorp_Spy,Le son sur Deezer est lourd,Deezer,0,147
8829,TCL_Screen,J'adore le maillot avec le logo ALDI,ALDI,0,147
8830,KCorp_Spy,Allez les Bleus ! #M8WIN,None,1,147
8831,TCL_Screen,M8 domine complètement le match,None,1,147
8833,TCL_Screen,Mais non ?!? Quelle action !,None,0,147
8833,LoL_Lover,#M8WIN #M8WIN #M8WIN,None,1,147
8834,EsportFan99,C'est quoi la musique d'attente ? sur Deezer ?,Deezer,0,147
8836,DeezerEnjoyer,Incroyable cette action de Gentle Mates !,None,1,147
8836,M8_Fan,M8 à la vie à la mort,None,1,147
8836,LoL_Lover,Mais non ?!? Quelle action !,None,0,147
8838,LoL_Lover,ALDI c'est le meilleur sponsor !,ALDI,0,147
8843,M8_Fan,TCL font des bêtes de télé en vrai,TCL,0,147
8848,M8_Fan,#M8WIN #M8WIN #M8WIN,None,1,147
8849,SyntaxError,L'image est trop belle sur mon écran TCL,TCL,0,147
8854,M8_Fan,ALDI c'est le meilleur sponsor !,ALDI,0,147
8854,PlayerOne,Allez les Bleus ! #M8WIN,None,1,147
8855,SyntaxError,L'image est trop belle sur mon écran TCL,TCL,0,147
8860,KCorp_Spy,TCL font des bêtes de télé en vrai,TCL,0,147
8860,DeezerEnjoyer,ALDI c'est le meilleur sponsor !,ALDI,0,147
8864,DeezerEnjoyer,M8 à la vie à la mort,None,1,147
8864,TCL_Screen,M8 à la vie à la mort,None,1,147
8865,TCL_Screen,Incroyable cette action de Gentle Mates !,None,1,147
8865,DeezerEnjoyer,L'image est trop belle sur mon écran TCL,TCL,0,147
8866,LoL_Lover,Gg les gars !,None,0,147
8866,DeezerEnjoyer,L'image est trop belle sur mon écran TCL,TCL,0,147
8868,TCL_Screen,Incroyable cette action de Gentle Mates !,None,1,147
8868,M8_Fan,Incroyable cette action de Gentle Mates !,None,1,147
8869,SyntaxError,Mais non ?!? Quelle action !,None,0,147
8877,M8_Fan,Incroyable cette action de Gentle Mates !,None,1,147
8886,DeezerEnjoyer,#M8WIN #M8WIN #M8WIN,None,1,148
8886,DeezerEnjoyer,Le son sur Deezer est lourd,Deezer,0,148
8887,DeezerEnjoyer,J'adore le maillot avec le logo ALDI,ALDI,0,148
8892,PlayerOne,M8 à la vie à la mort,None,1,148
8893,DeezerEnjoyer,Mais non ?!? Quelle action !,None,0,148
8894,KCorp_Spy,Incroyable cette action de Gentle Mates !,None,1,148
8895,DeezerEnjoyer,ALDI c'est le meilleur sponsor !,ALDI,0,148
8895,PlayerOne,M8 domine complètement le match,None,1,148
8900,LoL_Lover,Le stream bug non ?,None,0,148
8903,PlayerOne,Allez les Bleus ! #M8WIN,None,1,148
8909,SyntaxError,Allez les Bleus ! #M8WIN,None,1,148
8915,M8_Fan,Gg les gars !,None,0,148
8916,SyntaxError,J'adore le maillot avec le logo ALDI,ALDI,0,148
8916,AldiGamer,Incroyable cette action de Gentle Mates !,None,1,148
8921,LoL_Lover,L'image est trop belle sur mon écran TCL,TCL,0,148
8922,EsportFan99,TCL font des bêtes de télé en vrai,TCL,0,148
8924,KCorp_Spy,L'image est trop belle sur mon écran TCL,TCL,0,148
8927,LoL_Lover,ALDI c'est le meilleur sponsor !,ALDI,0,148
8928,PlayerOne,Allez les Bleus ! #M8WIN,None,1,148
8928,EsportFan99,M8 domine complètement le match,None,1,148
8939,EsportFan99,M8 domine complètement le match,None,1,148
8939,KCorp_Spy,M8 domine complètement le match,None,1,148
8941,PlayerOne,Incroyable cette action de Gentle Mates !,None,1,149
8943,M8_Fan,M8 à la vie à la mort,None,1,149
8946,SyntaxError,L'image est trop belle sur mon écran TCL,TCL,0,149
8947,DeezerEnjoyer,Allez les Bleus ! #M8WIN,None,1,149
8947,TCL_Screen,M8 domine complètement le match,None,1,149
8949,M8_Fan,Le stream bug non ?,None,0,149
8951,M8_Fan,Incroyable cette action de Gentle Mates !,None,1,149
8952,AldiGamer,M8 domine complètement le match,None,1,149
8956,LoL_Lover,J'adore le maillot avec le logo ALDI,ALDI,0,149
8959,EsportFan99,#M8WIN #M8WIN #M8WIN,None,1,149
8963,PlayerOne,#M8WIN #M8WIN #M8WIN,None,1,149
8964,PlayerOne,M8 à la vie à la mort,None,1,149
8965,KCorp_Spy,J'adore le maillot avec le logo ALDI,ALDI,0,149
8966,M8_Fan,J'adore le maillot avec le logo ALDI,ALDI,0,149
8972,EsportFan99,M8 à la vie à la mort,None,1,149
8972,AldiGamer,Incroyable cette action de Gentle Mates !,None,1,149
8975,KCorp_Spy,#M8WIN #M8WIN #M8WIN,None,1,149
8978,SyntaxError,TCL font des bêtes de télé en vrai,TCL,0,149
8978,AldiGamer,Incroyable cette action de Gentle Mates !,None,1,149
8978,DeezerEnjoyer,Allez les Bleus ! #M8WIN,None,1,149
8978,M8_Fan,L'image est trop belle sur mon écran TCL,TCL,0,149
8978,LoL_Lover,Gg les gars !,None,0,149
8979,SyntaxError,L'image est trop belle sur mon écran TCL,TCL,0,149
8983,EsportFan99,#M8WIN #M8WIN #M8WIN,None,1,149
8983,EsportFan99,Allez les Bleus ! #M8WIN,None,1,149
8984,LoL_Lover,Incroyable cette action de Gentle Mates !,None,1,149
8987,EsportFan99,Incroyable cette action de Gentle Mates !,None,1,149
8991,KCorp_Spy,J'adore le maillot avec le logo ALDI,ALDI,0,149
8995,EsportFan99,Le son sur Deezer est lourd,Deezer,0,149
8995,SyntaxError,Allez les Bleus ! #M8WIN,None,1,149
8998,SyntaxError,M8 à la vie à la mort,None,1,149
8999,M8_Fan,Gg les gars !,None,0,149
9002,TCL_Screen,TCL font des bêtes de télé en vrai,TCL,0,150
9003,EsportFan99,Allez les Bleus ! #M8WIN,None,1,150
9006,PlayerOne,Mais non ?!? Quelle action !,None,0,150
9007,TCL_Screen,M8 domine complètement le match,None,1,150
9009,DeezerEnjoyer,M8 domine complètement le match,None,1,150
9011,KCorp_Spy,Gg les gars !,None,0,150
9011,M8_Fan,C'est quoi la musique d'attente ? sur Deezer ?,Deezer,0,150
9014,DeezerEnjoyer,C'est quoi la musique d'attente ? sur Deezer ?,Deezer,0,150
9017,PlayerOne,Incroyable cette action de Gentle Mates !,None,1,150
9017,SyntaxError,Incroyable cette action de Gentle Mates !,None,1,150
9018,TCL_Screen,Incroyable cette action de Gentle Mates !,None,1,150
9018,PlayerOne,Le stream bug non ?,None,0,150
9018,AldiGamer,Gg les gars !,None,0,150
9023,M8_Fan,Incroyable cette action de Gentle Mates !,None,1,150
9028,EsportFan99,Incroyable cette action de Gentle Mates !,None,1,150
9028,LoL_Lover,L'image est trop belle sur mon écran TCL,TCL,0,150
9028,TCL_Screen,M8 domine complètement le match,None,1,150
9030,PlayerOne,C'est quoi la musique d'attente ? sur Deezer ?,Deezer,0,150
9030,AldiGamer,#M8WIN #M8WIN #M8WIN,None,1,150
9030,SyntaxError,Le son sur Deezer est lourd,Deezer,0,150
9032,PlayerOne,#M8WIN #M8WIN #M8WIN,None,1,150
9033,M8_Fan,Mais non ?!? Quelle action !,None,0,150
9035,AldiGamer,M8 domine complètement le match,None,1,150
9040,KCorp_Spy,#M8WIN #M8WIN #M8WIN,None,1,150
9040,M8_Fan,TCL font des bêtes de télé en vrai,TCL,0,150
9041,AldiGamer,Gg les gars !,None,0,150
9042,TCL_Screen,Allez les Bleus ! #M8WIN,None,1,150
9043,EsportFan99,Le son sur Deezer est lourd,Deezer,0,150
9048,AldiGamer,Le stream bug non ?,None,0,150
9049,AldiGamer,J'adore le maillot avec le logo ALDI,ALDI,0,150
9049,SyntaxError,L'image est trop belle sur mon écran TCL,TCL,0,150
9053,PlayerOne,Le stream bug non ?,None,0,150
9054,PlayerOne,ALDI c'est le meilleur sponsor !,ALDI,0,150
9055,TCL_Screen,Le son sur Deezer est lourd,Deezer,0,150
9063,KCorp_Spy,Mais non ?!? Quelle action !,None,0,151
9065,DeezerEnjoyer,M8 à la vie à la mort,None,1,151
9070,EsportFan99,M8 à la vie à la mort,None,1,151
9071,PlayerOne,TCL font des bêtes de télé en vrai,TCL,0,151
9072,LoL_Lover,Mais non ?!? Quelle action !,None,0,151
9073,EsportFan99,ALDI c'est le meilleur sponsor !,ALDI,0,151
9074,EsportFan99,Mais non ?!? Quelle action !,None,0,151
9085,KCorp_Spy,Allez les Bleus ! #M8WIN,None,1,151
9086,DeezerEnjoyer,ALDI c'est le meilleur sponsor !,ALDI,0,151
9089,SyntaxError,Le son sur Deezer est lourd,Deezer,0,151
9090,KCorp_Spy,C'est quoi la musique d'attente ? sur Deezer ?,Deezer,0,151
9093,AldiGamer,Le stream bug non ?,None,0,151
9095,TCL_Screen,Allez les Bleus ! #M8WIN,None,1,151
9097,KCorp_Spy,Allez les Bleus ! #M8WIN,None,1,151
9097,KCorp_Spy,Le stream bug non ?,None,0,151
9101,AldiGamer,M8 domine complètement le match,None,1,151
9101,SyntaxError,Gg les gars !,None,0,151
9102,PlayerOne,#M8WIN #M8WIN #M8WIN,None,1,151
9104,SyntaxError,M8 domine complètement le match,None,1,151
9106,LoL_Lover,C'est quoi la musique d'attente ? sur Deezer ?,Deezer,0,151
9106,EsportFan99,#M8WIN #M8WIN #M8WIN,None,1,151
9107,PlayerOne,Incroyable cette action de Gentle Mates !,None,1,151
9114,LoL_Lover,ALDI c'est le meilleur sponsor !,ALDI,0,151
9115,DeezerEnjoyer,J'adore le maillot avec le logo ALDI,ALDI,0,151
9120,M8_Fan,Le stream bug non ?,None,0,152
9121,TCL_Screen,Mais non ?!? Quelle action !,None,0,152
9123,M8_Fan,Mais non ?!? Quelle action !,None,0,152
9124,M8_Fan,Mais non ?!? Quelle action !,None,0,152
9126,TCL_Screen,Le son sur Deezer est lourd,Deezer,0,152
9129,DeezerEnjoyer,Le stream bug non ?,None,0,152
9131,SyntaxError,Mais non ?!? Quelle action !,None,0,152
9133,SyntaxError,TCL font des bêtes de télé en vrai,TCL,0,152
9135,TCL_Screen,L'image est trop belle sur mon écran TCL,TCL,0,152
9137,AldiGamer,C'est quoi la musique d'attente ? sur Deezer ?,Deezer,0,152
9138,PlayerOne,M8 à la vie à la mort,None,1,152
9140,TCL_Screen,Le stream bug non ?,None,0,152
9145,AldiGamer,Allez les Bleus ! #M8WIN,None,1,152
9146,AldiGamer,C'est quoi la musique d'attente ? sur Deezer ?,Deezer,0,152
9149,EsportFan99,C'est quoi la musique d'attente ? sur Deezer ?,Deezer,0,152
9153,DeezerEnjoyer,#M8WIN #M8WIN #M8WIN,None,1,152
9155,SyntaxError,Allez les Bleus ! #M8WIN,None,1,152
9157,LoL_Lover,C'est quoi la musique d'attente ? sur Deezer ?,Deezer,0,152
9162,LoL_Lover,L'image est trop belle sur mon écran TCL,TCL,0,152
9165,LoL_Lover,J'adore le maillot avec le logo ALDI,ALDI,0,152
9175,AldiGamer,#M8WIN #M8WIN #M8WIN,None,1,152
9176,SyntaxError,Gg les gars !,None,0,152
9177,KCorp_Spy,#M8WIN #M8WIN #M8WIN,None,1,152
9183,SyntaxError,C'est quoi la musique d'attente ? sur Deezer ?,Deezer,0,153
9183,TCL_Screen,Gg les gars !,None,0,153
9183,SyntaxError,Incroyable cette action de Gentle Mates !,None,1,153
9183,M8_Fan,TCL font des bêtes de télé en vrai,TCL,0,153
9184,KCorp_Spy,L'image est trop belle sur mon écran TCL,TCL,0,153
9186,KCorp_Spy,TCL font des bêtes de télé en vrai,TCL,0,153
9190,AldiGamer,Le stream bug non ?,None,0,153
9191,PlayerOne,C'est quoi la musique d'attente ? sur Deezer ?,Deezer,0,153
9196,SyntaxError,M8 domine complètement le match,None,1,153
9197,EsportFan99,M8 domine complètement le match,None,1,153
9198,LoL_Lover,Le stream bug non ?,None,0,153
9200,LoL_Lover,M8 à la vie à la mort,None,1,153
9203,PlayerOne,Allez les Bleus ! #M8WIN,None,1,153
9203,LoL_Lover,#M8WIN #M8WIN #M8WIN,None,1,153
9204,DeezerEnjoyer,#M8WIN #M8WIN #M8WIN,None,1,153
9204,KCorp_Spy,Incroyable cette action de Gentle Mates !,None,1,153
9204,DeezerEnjoyer,M8 à la vie à la mort,None,1,153
9205,LoL_Lover,Le son sur Deezer est lourd,Deezer,0,153
9207,M8_Fan,TCL font des bêtes de télé en vrai,TCL,0,153
9210,EsportFan99,TCL font des bêtes de télé en vrai,TCL,0,153
9212,TCL_Screen,#M8WIN #M8WIN #M8WIN,None,1,153
9213,DeezerEnjoyer,Le son sur Deezer est lourd,Deezer,0,153
9217,TCL_Screen,ALDI c'est le meilleur sponsor !,ALDI,0,153
9229,SyntaxError,TCL font des bêtes de télé en vrai,TCL,0,153
9232,TCL_Screen,J'adore le maillot avec le logo ALDI,ALDI,0,153
9235,EsportFan99,J'adore le maillot avec le logo ALDI,ALDI,0,153
9237,DeezerEnjoyer,J'adore le maillot avec le logo ALDI,ALDI,0,153
9237,EsportFan99,J'adore le maillot avec le logo ALDI,ALDI,0,153
9239,KCorp_Spy,ALDI c'est le meilleur sponsor !,ALDI,0,153
9242,EsportFan99,M8 domine complètement le match,None,1,154
9251,LoL_Lover,Le son sur Deezer est lourd,Deezer,0,154
9252,DeezerEnjoyer,ALDI c'est le meilleur sponsor !,ALDI,0,154
9252,KCorp_Spy,ALDI c'est le meilleur sponsor !,ALDI,0,154
9253,DeezerEnjoyer,M8 à la vie à la mort,None,1,154
9254,LoL_Lover,M8 à la vie à la mort,None,1,154
9254,PlayerOne,Le son sur Deezer est lourd,Deezer,0,154
9260,PlayerOne,Gg les gars !,None,0,154
9262,AldiGamer,Incroyable cette action de Gentle Mates !,None,1,154
9264,PlayerOne,J'adore le maillot avec le logo ALDI,ALDI,0,154
9265,DeezerEnjoyer,Allez les Bleus ! #M8WIN,None,1,154
9270,LoL_Lover,#M8WIN #M8WIN #M8WIN,None,1,154
9270,LoL_Lover,M8 domine complètement le match,None,1,154
9271,DeezerEnjoyer,Mais non ?!? Quelle action !,None,0,154
9274,SyntaxError,Mais non ?!? Quelle action !,None,0,154
9274,AldiGamer,M8 domine complètement le match,None,1,154
9275,AldiGamer,J'adore le maillot avec le logo ALDI,ALDI,0,154
9276,AldiGamer,ALDI c'est le meilleur sponsor !,ALDI,0,154
9278,EsportFan99,Gg les gars !,None,0,154
9281,SyntaxError,Le son sur Deezer est lourd,Deezer,0,154
9283,AldiGamer,M8 à la vie à la mort,None,1,154
9287,TCL_Screen,C'est quoi la musique d'attente ? sur Deezer ?,Deezer,0,154
9289,PlayerOne,#M8WIN #M8WIN #M8WIN,None,1,154
9290,M8_Fan,TCL font des bêtes de télé en vrai,TCL,0,154
9295,KCorp_Spy,Le son sur Deezer est lourd,Deezer,0,154
9296,AldiGamer,Allez les Bleus ! #M8WIN,None,1,154
9301,EsportFan99,ALDI c'est le meilleur sponsor !,ALDI,0,155
9311,LoL_Lover,Gg les gars !,None,0,155
9312,KCorp_Spy,L'image est trop belle sur mon écran TCL,TCL,0,155
9313,LoL_Lover,TCL font des bêtes de télé en vrai,TCL,0,155
9313,SyntaxError,TCL font des bêtes de télé en vrai,TCL,0,155
9316,EsportFan99,Mais non ?!? Quelle action !,None,0,155
9317,DeezerEnjoyer,J'adore le maillot avec le logo ALDI,ALDI,0,155
9319,EsportFan99,Allez les Bleus ! #M8WIN,None,1,155
9323,KCorp_Spy,C'est quoi la musique d'attente ? sur Deezer ?,Deezer,0,155
9326,EsportFan99,Allez les Bleus ! #M8WIN,None,1,155
9328,M8_Fan,M8 domine complètement le match,None,1,155
9328,TCL_Screen,J'adore le maillot avec le logo ALDI,ALDI,0,155
9333,AldiGamer,Allez les Bleus ! #M8WIN,None,1,155
9334,KCorp_Spy,M8 à la vie à la mort,None,1,155
9339,LoL_Lover,TCL font des bêtes de télé en vrai,TCL,0,155
9341,TCL_Screen,M8 domine complètement le match,None,1,155
9342,SyntaxError,M8 à la vie à la mort,None,1,155
9346,KCorp_Spy,Gg les gars !,None,0,155
9346,LoL_Lover,Incroyable cette action de Gentle Mates !,None,1,155
9347,TCL_Screen,TCL font des bêtes de télé en vrai,TCL,0,155
9347,TCL_Screen,ALDI c'est le meilleur sponsor !,ALDI,0,155
9348,DeezerEnjoyer,Le son sur Deezer est lourd,Deezer,0,155
9349,M8_Fan,TCL font des bêtes de télé en vrai,TCL,0,155
9350,LoL_Lover,Mais non ?!? Quelle action !,None,0,155
9352,AldiGamer,ALDI c'est le meilleur sponsor !,ALDI,0,155
9355,TCL_Screen,Incroyable cette action de Gentle Mates !,None,1,155
9356,LoL_Lover,TCL font des bêtes de télé en vrai,TCL,0,155
9360,SyntaxError,Allez les Bleus ! #M8WIN,None,1,156
9366,DeezerEnjoyer,C'est quoi la musique d'attente ? sur Deezer ?,Deezer,0,156
9366,PlayerOne,ALDI c'est le meilleur sponsor !,ALDI,0,156
9370,EsportFan99,Allez les Bleus ! #M8WIN,None,1,156
9371,LoL_Lover,#M8WIN #M8WIN #M8WIN,None,1,156
9371,TCL_Screen,Le stream bug non ?,None,0,156
9372,KCorp_Spy,Mais non ?!? Quelle action !,None,0,156
9372,LoL_Lover,L'image est trop belle sur mon écran TCL,TCL,0,156
9375,SyntaxError,Le stream bug non ?,None,0,156
9376,LoL_Lover,Le stream bug non ?,None,0,156
9377,PlayerOne,M8 à la vie à la mort,None,1,156
9378,SyntaxError,C'est quoi la musique d'attente ? sur Deezer ?,Deezer,0,156
9382,M8_Fan,M8 domine complètement le match,None,1,156
9384,KCorp_Spy,ALDI c'est le meilleur sponsor !,ALDI,0,156
9386,KCorp_Spy,M8 à la vie à la mort,None,1,156
9386,SyntaxError,Allez les Bleus ! #M8WIN,None,1,156
9387,TCL_Screen,Mais non ?!? Quelle action !,None,0,156
9387,PlayerOne,J'adore le maillot avec le logo ALDI,ALDI,0,156
9389,M8_Fan,L'image est trop belle sur mon écran TCL,TCL,0,156
9395,TCL_Screen,M8 domine complètement le match,None,1,156
9399,LoL_Lover,ALDI c'est le meilleur sponsor !,ALDI,0,156
9399,LoL_Lover,TCL font des bêtes de télé en vrai,TCL,0,156
9400,LoL_Lover,Gg les gars !,None,0,156
9401,PlayerOne,TCL font des bêtes de télé en vrai,TCL,0,156
9401,SyntaxError,ALDI c'est le meilleur sponsor !,ALDI,0,156
9401,TCL_Screen,Allez les Bleus ! #M8WIN,None,1,156
9402,AldiGamer,#M8WIN #M8WIN #M8WIN,None,1,156
9405,DeezerEnjoyer,C'est quoi la musique d'attente ? sur Deezer ?,Deezer,0,156
9406,DeezerEnjoyer,TCL font des bêtes de télé en vrai,TCL,0,156
9408,M8_Fan,J'adore le maillot avec le logo ALDI,ALDI,0,156
9409,SyntaxError,#M8WIN #M8WIN #M8WIN,None,1,156
9410,KCorp_Spy,C'est quoi la musique d'attente ? sur Deezer ?,Deezer,0,156
9410,M8_Fan,ALDI c'est le meilleur sponsor !,ALDI,0,156
9411,AldiGamer,Le son sur Deezer est lourd,Deezer,0,156
9411,SyntaxError,Incroyable cette action de Gentle Mates !,None,1,156
9413,PlayerOne,Allez les Bleus ! #M8WIN,None,1,156
9413,DeezerEnjoyer,ALDI c'est le meilleur sponsor !,ALDI,0,156
9418,SyntaxError,L'image est trop belle sur mon écran TCL,TCL,0,156
9418,EsportFan99,ALDI c'est le meilleur sponsor !,ALDI,0,156
9418,AldiGamer,L'image est trop belle sur mon écran TCL,TCL,0,156
9419,AldiGamer,J'adore le maillot avec le logo ALDI,ALDI,0,156
9424,DeezerEnjoyer,Le son sur Deezer est lourd,Deezer,0,157
9424,LoL_Lover,C'est quoi la musique d'attente ? sur Deezer ?,Deezer,0,157
9427,PlayerOne,Le son sur Deezer est lourd,Deezer,0,157
9429,EsportFan99,J'adore le maillot avec le logo ALDI,ALDI,0,157
9430,PlayerOne,Le son sur Deezer est lourd,Deezer,0,157
9432,KCorp_Spy,Incroyable cette action de Gentle Mates !,None,1,157
9440,AldiGamer,J'adore le maillot avec le logo ALDI,ALDI,0,157
9442,EsportFan99,M8 domine complètement le match,None,1,157
9443,SyntaxError,#M8WIN #M8WIN #M8WIN,None,1,157
9446,SyntaxError,Le stream bug non ?,None,0,157
9448,KCorp_Spy,Le son sur Deezer est lourd,Deezer,0,157
9448,TCL_Screen,ALDI c'est le meilleur sponsor !,ALDI,0,157
9452,TCL_Screen,ALDI c'est le meilleur sponsor !,ALDI,0,157
9453,SyntaxError,J'adore le maillot avec le logo ALDI,ALDI,0,157
9453,TCL_Screen,Le stream bug non ?,None,0,157
9453,M8_Fan,L'image est trop belle sur mon écran TCL,TCL,0,157
9454,TCL_Screen,#M8WIN #M8WIN #M8WIN,None,1,157
9455,EsportFan99,Incroyable cette action de Gentle Mates !,None,1,157
9457,KCorp_Spy,TCL font des bêtes de télé en vrai,TCL,0,157
9459,TCL_Screen,Allez les Bleus ! #M8WIN,None,1,157
9459,M8_Fan,Allez les Bleus ! #M8WIN,None,1,157
9460,SyntaxError,M8 domine complètement le match,None,1,157
9463,KCorp_Spy,M8 à la vie à la mort,None,1,157
9464,PlayerOne,#M8WIN #M8WIN #M8WIN,None,1,157
9466,LoL_Lover,#M8WIN #M8WIN #M8WIN,None,1,157
9466,SyntaxError,M8 domine complètement le match,None,1,157
9467,M8_Fan,C'est quoi la musique d'attente ? sur Deezer ?,Deezer,0,157
9469,KCorp_Spy,Le son sur Deezer est lourd,Deezer,0,157
9469,AldiGamer,M8 à la vie à la mort,None,1,157
9470,EsportFan99,M8 à la vie à la mort,None,1,157
9472,PlayerOne,Le son sur Deezer est lourd,Deezer,0,157
9472,TCL_Screen,Le son sur Deezer est lourd,Deezer,0,157
9474,LoL_Lover,Le son sur Deezer est lourd,Deezer,0,157
9474,LoL_Lover,Gg les gars !,None,0,157
9479,SyntaxError,#M8WIN #M8WIN #M8WIN,None,1,157
9479,AldiGamer,Allez les Bleus ! #M8WIN,None,1,157
9480,SyntaxError,ALDI c'est le meilleur sponsor !,ALDI,0,158
9484,SyntaxError,M8 domine complètement le match,None,1,158
9486,DeezerEnjoyer,ALDI c'est le meilleur sponsor !,ALDI,0,158
9490,AldiGamer,Incroyable cette action de Gentle Mates !,None,1,158
9491,EsportFan99,C'est quoi la musique d'attente ? sur Deezer ?,Deezer,0,158
9492,TCL_Screen,Allez les Bleus ! #M8WIN,None,1,158
9494,AldiGamer,Gg les gars !,None,0,158
9495,KCorp_Spy,Gg les gars !,None,0,158
9503,PlayerOne,#M8WIN #M8WIN #M8WIN,None,1,158
9506,LoL_Lover,J'adore le maillot avec le logo ALDI,ALDI,0,158
9507,PlayerOne,Incroyable cette action de Gentle Mates !,None,1,158
9507,EsportFan99,Allez les Bleus ! #M8WIN,None,1,158
9509,M8_Fan,C'est quoi la musique d'attente ? sur Deezer ?,Deezer,0,158
9510,KCorp_Spy,#M8WIN #M8WIN #M8WIN,None,1,158
9511,KCorp_Spy,L'image est trop belle sur mon écran TCL,TCL,0,158
9513,M8_Fan,J'adore le maillot avec le logo ALDI,ALDI,0,158
9515,LoL_Lover,Mais non ?!? Quelle action !,None,0,158
9518,TCL_Screen,Le son sur Deezer est lourd,Deezer,0,158
9518,KCorp_Spy,M8 domine complètement le match,None,1,158
9519,PlayerOne,L'image est trop belle sur mon écran TCL,TCL,0,158
9520,LoL_Lover,Allez les Bleus ! #M8WIN,None,1,158
9522,DeezerEnjoyer,Mais non ?!? Quelle action !,None,0,158
9528,PlayerOne,Incroyable cette action de Gentle Mates !,None,1,158
9528,TCL_Screen,M8 à la vie à la mort,None,1,158
9528,AldiGamer,M8 à la vie à la mort,None,1,158
9530,SyntaxError,C'est quoi la musique d'attente ? sur Deezer ?,Deezer,0,158
9533,EsportFan99,Allez les Bleus ! #M8WIN,None,1,158
9538,KCorp_Spy,ALDI c'est le meilleur sponsor !,ALDI,0,158
9542,AldiGamer,Mais non ?!? Quelle action !,None,0,159
9543,DeezerEnjoyer,Le son sur Deezer est lourd,Deezer,0,159
9544,KCorp_Spy,M8 domine complètement le match,None,1,159
9545,EsportFan99,M8 à la vie à la mort,None,1,159
9546,KCorp_Spy,J'adore le maillot avec le logo ALDI,ALDI,0,159
9546,DeezerEnjoyer,Incroyable cette action de Gentle Mates !,None,1,159
9548,LoL_Lover,C'est quoi la musique d'attente ? sur Deezer ?,Deezer,0,159
9549,EsportFan99,ALDI c'est le meilleur sponsor !,ALDI,0,159
9550,PlayerOne,TCL font des bêtes de télé en vrai,TCL,0,159
9550,EsportFan99,Mais non ?!? Quelle action !,None,0,159
9560,PlayerOne,Allez les Bleus ! #M8WIN,None,1,159
9561,KCorp_Spy,TCL font des bêtes de télé en vrai,TCL,0,159
9561,KCorp_Spy,C'est quoi la musique d'attente ? sur Deezer ?,Deezer,0,159
9562,KCorp_Spy,Incroyable cette action de Gentle Mates !,None,1,159
9565,PlayerOne,Mais non ?!? Quelle action !,None,0,159
9568,AldiGamer,J'adore le maillot avec le logo ALDI,ALDI,0,159
9570,KCorp_Spy,Gg les gars !,None,0,159
9571,DeezerEnjoyer,Allez les Bleus ! #M8WIN,None,1,159
9571,SyntaxError,Le son sur Deezer est lourd,Deezer,0,159
9571,PlayerOne,#M8WIN #M8WIN #M8WIN,None,1,159
9571,DeezerEnjoyer,Le son sur Deezer est lourd,Deezer,0,159
9572,SyntaxError,#M8WIN #M8WIN #M8WIN,None,1,159
9573,KCorp_Spy,M8 à la vie à la mort,None,1,159
9573,AldiGamer,L'image est trop belle sur mon écran TCL,TCL,0,159
9573,PlayerOne,L'image est trop belle sur mon écran TCL,TCL,0,159
9579,M8_Fan,ALDI c'est le meilleur sponsor !,ALDI,0,159
9580,PlayerOne,Allez les Bleus ! #M8WIN,None,1,159
9585,PlayerOne,M8 domine complètement le match,None,1,159
9587,TCL_Screen,J'adore le maillot avec le logo ALDI,ALDI,0,159
9588,EsportFan99,L'image est trop belle sur mon écran TCL,TCL,0,159
9589,AldiGamer,#M8WIN #M8WIN #M8WIN,None,1,159
9590,SyntaxError,C'est quoi la musique d'attente ? sur Deezer ?,Deezer,0,159
9596,AldiGamer,Gg les gars !,None,0,159
9596,PlayerOne,TCL font des bêtes de télé en vrai,TCL,0,159
9602,AldiGamer,Mais non ?!? Quelle action !,None,0,160
9607,TCL_Screen,ALDI c'est le meilleur sponsor !,ALDI,0,160
9608,EsportFan99,Mais non ?!? Quelle action !,None,0,160
9610,PlayerOne,Incroyable cette action de Gentle Mates !,None,1,160
9615,DeezerEnjoyer,Allez les Bleus ! #M8WIN,None,1,160
9615,SyntaxError,C'est quoi la musique d'attente ? sur Deezer ?,Deezer,0,160
9616,TCL_Screen,Mais non ?!? Quelle action !,None,0,160
9618,KCorp_Spy,TCL font des bêtes de télé en vrai,TCL,0,160
9618,TCL_Screen,Le son sur Deezer est lourd,Deezer,0,160
9618,PlayerOne,Le stream bug non ?,None,0,160
9620,EsportFan99,Le son sur Deezer est lourd,Deezer,0,160
9624,DeezerEnjoyer,J'adore le maillot avec le logo ALDI,ALDI,0,160
9625,M8_Fan,Gg les gars !,None,0,160
9625,EsportFan99,Incroyable cette action de Gentle Mates !,None,1,160
9629,EsportFan99,Le son sur Deezer est lourd,Deezer,0,160
9641,PlayerOne,M8 à la vie à la mort,None,1,160
9641,LoL_Lover,ALDI c'est le meilleur sponsor !,ALDI,0,160
9650,AldiGamer,M8 domine complètement le match,None,1,160
9650,PlayerOne,Mais non ?!? Quelle action !,None,0,160
9651,PlayerOne,ALDI c'est le meilleur sponsor !,ALDI,0,160
9657,EsportFan99,Le stream bug non ?,None,0,160
9658,PlayerOne,J'adore le maillot avec le logo ALDI,ALDI,0,160
9662,TCL_Screen,Allez les Bleus ! #M8WIN,None,1,161
9663,M8_Fan,Gg les gars !,None,0,161
9667,EsportFan99,M8 à la vie à la mort,None,1,161
9668,TCL_Screen,J'adore le maillot avec le logo ALDI,ALDI,0,161
9669,EsportFan99,C'est quoi la musique d'attente ? sur Deezer ?,Deezer,0,161
9672,M8_Fan,Mais non ?!? Quelle action !,None,0,161
9673,KCorp_Spy,Mais non ?!? Quelle action !,None,0,161
9688,AldiGamer,Allez les Bleus ! #M8WIN,None,1,161
9688,AldiGamer,C'est quoi la musique d'attente ? sur Deezer ?,Deezer,0,161
9689,LoL_Lover,TCL font des bêtes de télé en vrai,TCL,0,161
9693,SyntaxError,TCL font des bêtes de télé en vrai,TCL,0,161
9695,AldiGamer,TCL font des bêtes de télé en vrai,TCL,0,161
9695,KCorp_Spy,Le son sur Deezer est lourd,Deezer,0,161
9696,EsportFan99,#M8WIN #M8WIN #M8WIN,None,1,161
9701,EsportFan99,#M8WIN #M8WIN #M8WIN,None,1,161
9706,TCL_Screen,Incroyable cette action de Gentle Mates !,None,1,161
9707,PlayerOne,Mais non ?!? Quelle action !,None,0,161
9709,DeezerEnjoyer,Allez les Bleus ! #M8WIN,None,1,161
9710,PlayerOne,Le son sur Deezer est lourd,Deezer,0,161
9710,SyntaxError,Allez les Bleus ! #M8WIN,None,1,161
9710,EsportFan99,M8 domine complètement le match,None,1,161
9716,TCL_Screen,L'image est trop belle sur mon écran TCL,TCL,0,161
9717,LoL_Lover,Allez les Bleus ! #M8WIN,None,1,161
9719,LoL_Lover,J'adore le maillot avec le logo ALDI,ALDI,0,161
9719,LoL_Lover,Gg les gars !,None,0,161
9722,EsportFan99,#M8WIN #M8WIN #M8WIN,None,1,162
9722,LoL_Lover,Mais non ?!? Quelle action !,None,0,162
9727,M8_Fan,Le son sur Deezer est lourd,Deezer,0,162
9730,SyntaxError,Mais non ?!? Quelle action !,None,0,162
9733,DeezerEnjoyer,C'est quoi la musique d'attente ? sur Deezer ?,Deezer,0,162
9735,KCorp_Spy,J'adore le maillot avec le logo ALDI,ALDI,0,162
9736,EsportFan99,Gg les gars !,None,0,162
9737,TCL_Screen,#M8WIN #M8WIN #M8WIN,None,1,162
9740,SyntaxError,Mais non ?!? Quelle action !,None,0,162
9746,LoL_Lover,M8 domine complètement le match,None,1,162
9748,M8_Fan,M8 domine complètement le match,None,1,162
9748,TCL_Screen,Le stream bug non ?,None,0,162
9751,M8_Fan,Le stream bug non ?,None,0,162
9755,M8_Fan,Gg les gars !,None,0,162
9756,TCL_Screen,#M8WIN #M8WIN #M8WIN,None,1,162
9758,DeezerEnjoyer,Mais non ?!? Quelle action !,None,0,162
9758,AldiGamer,J'adore le maillot avec le logo ALDI,ALDI,0,162
9760,TCL_Screen,C'est quoi la musique d'attente ? sur Deezer ?,Deezer,0,162
9761,DeezerEnjoyer,Gg les gars !,None,0,162
9762,LoL_Lover,Incroyable cette action de Gentle Mates !,None,1,162
9768,LoL_Lover,C'est quoi la musique d'attente ? sur Deezer ?,Deezer,0,162
9769,SyntaxError,Mais non ?!? Quelle action !,None,0,162
9773,DeezerEnjoyer,C'est quoi la musique d'attente ? sur Deezer ?,Deezer,0,162
9773,SyntaxError,Le stream bug non ?,None,0,162
9774,EsportFan99,L'image est trop belle sur mon écran TCL,TCL,0,162
9775,LoL_Lover,Allez les Bleus ! #M8WIN,None,1,162
9775,SyntaxError,M8 domine complètement le match,None,1,162
9777,EsportFan99,M8 domine complètement le match,None,1,162
9779,DeezerEnjoyer,M8 à la vie à la mort,None,1,162
9781,DeezerEnjoyer,TCL font des bêtes de télé en vrai,TCL,0,163
9785,TCL_Screen,#M8WIN #M8WIN #M8WIN,None,1,163
9787,SyntaxError,L'image est trop belle sur mon écran TCL,TCL,0,163
9791,EsportFan99,ALDI c'est le meilleur sponsor !,ALDI,0,163
9792,LoL_Lover,Incroyable cette action de Gentle Mates !,None,1,163
9798,AldiGamer,C'est quoi la musique d'attente ? sur Deezer ?,Deezer,0,163
9798,DeezerEnjoyer,C'est quoi la musique d'attente ? sur Deezer ?,Deezer,0,163
9798,EsportFan99,Incroyable cette action de Gentle Mates !,None,1,163
9800,PlayerOne,Allez les Bleus ! #M8WIN,None,1,163
9801,LoL_Lover,C'est quoi la musique d'attente ? sur Deezer ?,Deezer,0,163
9801,TCL_Screen,#M8WIN #M8WIN #M8WIN,None,1,163
9803,SyntaxError,M8 à la vie à la mort,None,1,163
9803,EsportFan99,M8 à la vie à la mort,None,1,163
9806,KCorp_Spy,L'image est trop belle sur mon écran TCL,TCL,0,163
9808,EsportFan99,Gg les gars !,None,0,163
9809,TCL_Screen,M8 domine complètement le match,None,1,163
9810,M8_Fan,Mais non ?!? Quelle action !,None,0,163
9811,PlayerOne,Allez les Bleus ! #M8WIN,None,1,163
9811,PlayerOne,Incroyable cette action de Gentle Mates !,None,1,163
9814,SyntaxError,Le son sur Deezer est lourd,Deezer,0,163
9815,LoL_Lover,M8 à la vie à la mort,None,1,163
9821,KCorp_Spy,Le son sur Deezer est lourd,Deezer,0,163
9822,DeezerEnjoyer,M8 à la vie à la mort,None,1,163
9825,KCorp_Spy,ALDI c'est le meilleur sponsor !,ALDI,0,163
9826,SyntaxError,ALDI c'est le meilleur sponsor !,ALDI,0,163
9833,LoL_Lover,#M8WIN #M8WIN #M8WIN,None,1,163
9834,LoL_Lover,Gg les gars !,None,0,163
9835,LoL_Lover,M8 domine complètement le match,None,1,163
9836,M8_Fan,Incroyable cette action de Gentle Mates !,None,1,163
9837,KCorp_Spy,ALDI c'est le meilleur sponsor !,ALDI,0,163
9838,PlayerOne,Gg les gars !,None,0,163
9838,DeezerEnjoyer,TCL font des bêtes de télé en vrai,TCL,0,163
9840,EsportFan99,ALDI c'est le meilleur sponsor !,ALDI,0,164
9840,PlayerOne,TCL font des bêtes de télé en vrai,TCL,0,164
9842,KCorp_Spy,#M8WIN #M8WIN #M8WIN,None,1,164
9850,KCorp_Spy,TCL font des bêtes de télé en vrai,TCL,0,164
9857,TCL_Screen,M8 à la vie à la mort,None,1,164
9857,M8_Fan,TCL font des bêtes de télé en vrai,TCL,0,164
9858,PlayerOne,Incroyable cette action de Gentle Mates !,None,1,164
9861,DeezerEnjoyer,#M8WIN #M8WIN #M8WIN,None,1,164
9863,M8_Fan,M8 domine complètement le match,None,1,164
9865,PlayerOne,Mais non ?!? Quelle action !,None,0,164
9865,PlayerOne,M8 à la vie à la mort,None,1,164
9866,KCorp_Spy,Mais non ?!? Quelle action !,None,0,164
9866,M8_Fan,Le son sur Deezer est lourd,Deezer,0,164
9869,DeezerEnjoyer,J'adore le maillot avec le logo ALDI,ALDI,0,164
9874,EsportFan99,L'image est trop belle sur mon écran TCL,TCL,0,164
9874,SyntaxError,#M8WIN #M8WIN #M8WIN,None,1,164
9877,M8_Fan,Mais non ?!? Quelle action !,None,0,164
9877,SyntaxError,Allez les Bleus ! #M8WIN,None,1,164
9882,AldiGamer,Incroyable cette action de Gentle Mates !,None,1,164
9883,AldiGamer,Incroyable cette action de Gentle Mates !,None,1,164
9889,TCL_Screen,L'image est trop belle sur mon écran TCL,TCL,0,164
9891,AldiGamer,J'adore le maillot avec le logo ALDI,ALDI,0,164
9892,DeezerEnjoyer,ALDI c'est le meilleur sponsor !,ALDI,0,164
9894,AldiGamer,#M8WIN #M8WIN #M8WIN,None,1,164
9894,KCorp_Spy,Mais non ?!? Quelle action !,None,0,164
9901,AldiGamer,M8 domine complètement le match,None,1,165
9903,DeezerEnjoyer,Gg les gars !,None,0,165
9904,LoL_Lover,J'adore le maillot avec le logo ALDI,ALDI,0,165
9908,M8_Fan,#M8WIN #M8WIN #M8WIN,None,1,165
9908,EsportFan99,M8 domine complètement le match,None,1,165
9908,KCorp_Spy,Gg les gars !,None,0,165
9922,LoL_Lover,Incroyable cette action de Gentle Mates !,None,1,165
9922,LoL_Lover,Le son sur Deezer est lourd,Deezer,0,165
9925,LoL_Lover,M8 à la vie à la mort,None,1,165
9928,PlayerOne,C'est quoi la musique d'attente ? sur Deezer ?,Deezer,0,165
9928,KCorp_Spy,C'est quoi la musique d'attente ? sur Deezer ?,Deezer,0,165
9928,SyntaxError,L'image est trop belle sur mon écran TCL,TCL,0,165
9930,SyntaxError,Gg les gars !,None,0,165
9935,LoL_Lover,ALDI c'est le meilleur sponsor !,ALDI,0,165
9938,M8_Fan,Le stream bug non ?,None,0,165
9947,AldiGamer,#M8WIN #M8WIN #M8WIN,None,1,165
9948,SyntaxError,Mais non ?!? Quelle action !,None,0,165
9953,M8_Fan,M8 domine complètement le match,None,1,165
9956,LoL_Lover,L'image est trop belle sur mon écran TCL,TCL,0,165
9961,KCorp_Spy,L'image est trop belle sur mon écran TCL,TCL,0,166
9964,LoL_Lover,Gg les gars !,None,0,166
9968,PlayerOne,Incroyable cette action de Gentle Mates !,None,1,166
9969,AldiGamer,Gg les gars !,None,0,166
9974,PlayerOne,#M8WIN #M8WIN #M8WIN,None,1,166
9977,KCorp_Spy,Mais non ?!? Quelle action !,None,0,166
9984,KCorp_Spy,ALDI c'est le meilleur sponsor !,ALDI,0,166
9984,SyntaxError,Incroyable cette action de Gentle Mates !,None,1,166
9988,KCorp_Spy,Gg les gars !,None,0,166
9991,AldiGamer,Incroyable cette action de Gentle Mates !,None,1,166
9991,M8_Fan,Allez les Bleus ! #M8WIN,None,1,166
9991,DeezerEnjoyer,TCL font des bêtes de télé en vrai,TCL,0,166
9995,KCorp_Spy,M8 à la vie à la mort,None,1,166
9997,PlayerOne,Incroyable cette action de Gentle Mates !,None,1,166
9999,TCL_Screen,Mais non ?!? Quelle action !,None,0,166
10003,TCL_Screen,M8 domine complètement le match,None,1,166
10009,DeezerEnjoyer,J'adore le maillot avec le logo ALDI,ALDI,0,166
10009,M8_Fan,Le stream bug non ?,None,0,166
10011,KCorp_Spy,M8 à la vie à la mort,None,1,166
10012,TCL_Screen,Le son sur Deezer est lourd,Deezer,0,166
10015,EsportFan99,Le stream bug non ?,None,0,166
10015,DeezerEnjoyer,Allez les Bleus ! #M8WIN,None,1,166
10017,SyntaxError,M8 à la vie à la mort,None,1,166
10020,EsportFan99,#M8WIN #M8WIN #M8WIN,None,1,167
10021,PlayerOne,Le son sur Deezer est lourd,Deezer,0,167
10022,PlayerOne,Le son sur Deezer est lourd,Deezer,0,167
10022,EsportFan99,Le son sur Deezer est lourd,Deezer,0,167
10024,DeezerEnjoyer,#M8WIN #M8WIN #M8WIN,None,1,167
10027,TCL_Screen,C'est quoi la musique d'attente ? sur Deezer ?,Deezer,0,167
10028,SyntaxError,L'image est trop belle sur mon écran TCL,TCL,0,167
10032,PlayerOne,Gg les gars !,None,0,167
10034,DeezerEnjoyer,Gg les gars !,None,0,167
10034,DeezerEnjoyer,C'est quoi la musique d'attente ? sur Deezer ?,Deezer,0,167
10036,DeezerEnjoyer,Incroyable cette action de Gentle Mates !,None,1,167
10037,M8_Fan,M8 à la vie à la mort,None,1,167
10037,KCorp_Spy,Le son sur Deezer est lourd,Deezer,0,167
10037,AldiGamer,Gg les gars !,None,0,167
10043,KCorp_Spy,J'adore le maillot avec le logo ALDI,ALDI,0,167
10044,PlayerOne,M8 domine complètement le match,None,1,167
10045,SyntaxError,C'est quoi la musique d'attente ? sur Deezer ?,Deezer,0,167
10048,EsportFan99,Le stream bug non ?,None,0,167
10051,SyntaxError,Le stream bug non ?,None,0,167
10052,M8_Fan,Allez les Bleus ! #M8WIN,None,1,167
10054,TCL_Screen,Mais non ?!? Quelle action !,None,0,167
10058,KCorp_Spy,Allez les Bleus ! #M8WIN,None,1,167
10058,LoL_Lover,Allez les Bleus ! #M8WIN,None,1,167
10062,LoL_Lover,M8 domine complètement le match,None,1,167
10063,AldiGamer,Allez les Bleus ! #M8WIN,None,1,167
10063,TCL_Screen,#M8WIN #M8WIN #M8WIN,None,1,167
10064,DeezerEnjoyer,Incroyable cette action de Gentle Mates !,None,1,167
10065,KCorp_Spy,Mais non ?!? Quelle action !,None,0,167
10067,KCorp_Spy,M8 domine complètement le match,None,1,167
10067,M8_Fan,Mais non ?!? Quelle action !,None,0,167
10069,TCL_Screen,TCL font des bêtes de télé en vrai,TCL,0,167
10073,M8_Fan,ALDI c'est le meilleur sponsor !,ALDI,0,167
10075,KCorp_Spy,Incroyable cette action de Gentle Mates !,None,1,167
10075,PlayerOne,Le son sur Deezer est lourd,Deezer,0,167
10078,AldiGamer,#M8WIN #M8WIN #M8WIN,None,1,167
10079,M8_Fan,ALDI c'est le meilleur sponsor !,ALDI,0,167
10082,PlayerOne,Le son sur Deezer est lourd,Deezer,0,168
10082,TCL_Screen,#M8WIN #M8WIN #M8WIN,None,1,168
10082,DeezerEnjoyer,Le stream bug non ?,None,0,168
10083,PlayerOne,Incroyable cette action de Gentle Mates !,None,1,168
10085,AldiGamer,Le stream bug non ?,None,0,168
10088,TCL_Screen,C'est quoi la musique d'attente ? sur Deezer ?,Deezer,0,168
10088,DeezerEnjoyer,Allez les Bleus ! #M8WIN,None,1,168
10096,M8_Fan,C'est quoi la musique d'attente ? sur Deezer ?,Deezer,0,168
10096,DeezerEnjoyer,ALDI c'est le meilleur sponsor !,ALDI,0,168
10098,AldiGamer,Le stream bug non ?,None,0,168
10101,TCL_Screen,Gg les gars !,None,0,168
10101,LoL_Lover,J'adore le maillot avec le logo ALDI,ALDI,0,168
10102,PlayerOne,M8 domine complètement le match,None,1,168
10103,PlayerOne,Gg les gars !,None,0,168
10107,EsportFan99,Mais non ?!? Quelle action !,None,0,168
10107,TCL_Screen,Mais non ?!? Quelle action !,None,0,168
10114,TCL_Screen,M8 domine complètement le match,None,1,168
10119,EsportFan99,L'image est trop belle sur mon écran TCL,TCL,0,168
10119,AldiGamer,#M8WIN #M8WIN #M8WIN,None,1,168
10119,SyntaxError,Le son sur Deezer est lourd,Deezer,0,168
10120,EsportFan99,Le stream bug non ?,None,0,168
10132,KCorp_Spy,Incroyable cette action de Gentle Mates !,None,1,168
10133,AldiGamer,Allez les Bleus ! #M8WIN,None,1,168
10134,PlayerOne,Le stream bug non ?,None,0,168
10135,DeezerEnjoyer,#M8WIN #M8WIN #M8WIN,None,1,168
10139,PlayerOne,ALDI c'est le meilleur sponsor !,ALDI,0,168
10140,M8_Fan,Allez les Bleus ! #M8WIN,None,1,169
10141,DeezerEnjoyer,TCL font des bêtes de télé en vrai,TCL,0,169
10142,DeezerEnjoyer,Gg les gars !,None,0,169
10142,EsportFan99,#M8WIN #M8WIN #M8WIN,None,1,169
10144,DeezerEnjoyer,TCL font des bêtes de télé en vrai,TCL,0,169
10148,LoL_Lover,Le son sur Deezer est lourd,Deezer,0,169
10150,M8_Fan,L'image est trop belle sur mon écran TCL,TCL,0,169
10155,EsportFan99,Gg les gars !,None,0,169
10157,DeezerEnjoyer,Mais non ?!? Quelle action !,None,0,169
10160,M8_Fan,L'image est trop belle sur mon écran TCL,TCL,0,169
10163,DeezerEnjoyer,L'image est trop belle sur mon écran TCL,TCL,0,169
10165,SyntaxError,J'adore le maillot avec le logo ALDI,ALDI,0,169
10166,DeezerEnjoyer,#M8WIN #M8WIN #M8WIN,None,1,169
10169,TCL_Screen,L'image est trop belle sur mon écran TCL,TCL,0,169
10170,DeezerEnjoyer,J'adore le maillot avec le logo ALDI,ALDI,0,169
10172,M8_Fan,Incroyable cette action de Gentle Mates !,None,1,169
10173,EsportFan99,TCL font des bêtes de télé en vrai,TCL,0,169
10173,PlayerOne,J'adore le maillot avec le logo ALDI,ALDI,0,169
10174,EsportFan99,Le stream bug non ?,None,0,169
10177,SyntaxError,Mais non ?!? Quelle action !,None,0,169
10180,AldiGamer,J'adore le maillot avec le logo ALDI,ALDI,0,169
10181,TCL_Screen,#M8WIN #M8WIN #M8WIN,None,1,169
10189,EsportFan99,Mais non ?!? Quelle action !,None,0,169
10190,DeezerEnjoyer,Mais non ?!? Quelle action !,None,0,169
10191,TCL_Screen,M8 domine complètement le match,None,1,169
10192,SyntaxError,Allez les Bleus ! #M8WIN,None,1,169
10192,LoL_Lover,Le son sur Deezer est lourd,Deezer,0,169
10193,EsportFan99,M8 à la vie à la mort,None,1,169
10197,LoL_Lover,C'est quoi la musique d'attente ? sur Deezer ?,Deezer,0,169
10197,TCL_Screen,Gg les gars !,None,0,169
10203,EsportFan99,Allez les Bleus ! #M8WIN,None,1,170
10205,SyntaxError,L'image est trop belle sur mon écran TCL,TCL,0,170
10209,AldiGamer,Allez les Bleus ! #M8WIN,None,1,170
10210,TCL_Screen,Mais non ?!? Quelle action !,None,0,170
10213,AldiGamer,Incroyable cette action de Gentle Mates !,None,1,170
10217,PlayerOne,Mais non ?!? Quelle action !,None,0,170
10217,M8_Fan,M8 à la vie à la mort,None,1,170
10225,M8_Fan,TCL font des bêtes de télé en vrai,TCL,0,170
10225,AldiGamer,Allez les Bleus ! #M8WIN,None,1,170
10225,PlayerOne,Gg les gars !,None,0,170
10226,KCorp_Spy,Allez les Bleus ! #M8WIN,None,1,170
10226,SyntaxError,Incroyable cette action de Gentle Mates !,None,1,170
10227,PlayerOne,#M8WIN #M8WIN #M8WIN,None,1,170
10229,EsportFan99,TCL font des bêtes de télé en vrai,TCL,0,170
10236,M8_Fan,ALDI c'est le meilleur sponsor !,ALDI,0,170
10237,SyntaxError,Le stream bug non ?,None,0,170
10240,M8_Fan,M8 domine complètement le match,None,1,170
10241,PlayerOne,Le stream bug non ?,None,0,170
10245,PlayerOne,C'est quoi la musique d'attente ? sur Deezer ?,Deezer,0,170
10250,M8_Fan,Allez les Bleus ! #M8WIN,None,1,170
10254,TCL_Screen,J'adore le maillot avec le logo ALDI,ALDI,0,170
10254,M8_Fan,Allez les Bleus ! #M8WIN,None,1,170
10255,KCorp_Spy,Gg les gars !,None,0,170
10256,EsportFan99,Allez les Bleus ! #M8WIN,None,1,170
10257,KCorp_Spy,Mais non ?!? Quelle action !,None,0,170
10260,M8_Fan,Incroyable cette action de Gentle Mates !,None,1,171
10261,KCorp_Spy,C'est quoi la musique d'attente ? sur Deezer ?,Deezer,0,171
10261,SyntaxError,#M8WIN #M8WIN #M8WIN,None,1,171
10262,DeezerEnjoyer,M8 domine complètement le match,None,1,171
10262,AldiGamer,J'adore le maillot avec le logo ALDI,ALDI,0,171
10270,LoL_Lover,M8 domine complètement le match,None,1,171
10271,PlayerOne,J'adore le maillot avec le logo ALDI,ALDI,0,171
10274,M8_Fan,J'adore le maillot avec le logo ALDI,ALDI,0,171
10278,DeezerEnjoyer,L'image est trop belle sur mon écran TCL,TCL,0,171
10283,AldiGamer,Mais non ?!? Quelle action !,None,0,171
10285,LoL_Lover,Le stream bug non ?,None,0,171
10285,M8_Fan,M8 domine complètement le match,None,1,171
10292,M8_Fan,Le son sur Deezer est lourd,Deezer,0,171
10300,M8_Fan,Mais non ?!? Quelle action !,None,0,171
10303,KCorp_Spy,Le son sur Deezer est lourd,Deezer,0,171
10305,KCorp_Spy,Le stream bug non ?,None,0,171
10312,SyntaxError,Gg les gars !,None,0,171
10316,PlayerOne,C'est quoi la musique d'attente ? sur Deezer ?,Deezer,0,171
10318,M8_Fan,J'adore le maillot avec le logo ALDI,ALDI,0,171
10320,AldiGamer,J'adore le maillot avec le logo ALDI,ALDI,0,172
10320,SyntaxError,TCL font des bêtes de télé en vrai,TCL,0,172
10321,DeezerEnjoyer,Le stream bug non ?,None,0,172
10325,LoL_Lover,Mais non ?!? Quelle action !,None,0,172
10329,LoL_Lover,L'image est trop belle sur mon écran TCL,TCL,0,172
10333,DeezerEnjoyer,J'adore le maillot avec le logo ALDI,ALDI,0,172
10334,AldiGamer,ALDI c'est le meilleur sponsor !,ALDI,0,172
10334,TCL_Screen,Allez les Bleus ! #M8WIN,None,1,172
10338,LoL_Lover,M8 à la vie à la mort,None,1,172
10340,AldiGamer,Le son sur Deezer est lourd,Deezer,0,172
10348,DeezerEnjoyer,Le stream bug non ?,None,0,172
10349,KCorp_Spy,L'image est trop belle sur mon écran TCL,TCL,0,172
10352,AldiGamer,ALDI c'est le meilleur sponsor !,ALDI,0,172
10354,SyntaxError,Gg les gars !,None,0,172
10355,DeezerEnjoyer,TCL font des bêtes de télé en vrai,TCL,0,172
10356,SyntaxError,L'image est trop belle sur mon écran TCL,TCL,0,172
10359,PlayerOne,M8 à la vie à la mort,None,1,172
10359,KCorp_Spy,Gg les gars !,None,0,172
10362,AldiGamer,Allez les Bleus ! #M8WIN,None,1,172
10363,LoL_Lover,J'adore le maillot avec le logo ALDI,ALDI,0,172
10366,LoL_Lover,TCL font des bêtes de télé en vrai,TCL,0,172
10367,DeezerEnjoyer,TCL font des bêtes de télé en vrai,TCL,0,172
10368,DeezerEnjoyer,Incroyable cette action de Gentle Mates !,None,1,172
10378,TCL_Screen,Allez les Bleus ! #M8WIN,None,1,172
10379,DeezerEnjoyer,Gg les gars !,None,0,172
10381,PlayerOne,Allez les Bleus ! #M8WIN,None,1,173
10382,LoL_Lover,Le stream bug non ?,None,0,173
10386,KCorp_Spy,#M8WIN #M8WIN #M8WIN,None,1,173
10387,EsportFan99,Le stream bug non ?,None,0,173
10389,AldiGamer,M8 domine complètement le match,None,1,173
10394,EsportFan99,Gg les gars !,None,0,173
10398,DeezerEnjoyer,Gg les gars !,None,0,173
10400,PlayerOne,Le son sur Deezer est lourd,Deezer,0,173
10402,DeezerEnjoyer,M8 domine complètement le match,None,1,173
10417,M8_Fan,M8 à la vie à la mort,None,1,173
10420,SyntaxError,TCL font des bêtes de télé en vrai,TCL,0,173
10424,EsportFan99,Mais non ?!? Quelle action !,None,0,173
10432,PlayerOne,J'adore le maillot avec le logo ALDI,ALDI,0,173
10432,TCL_Screen,Le stream bug non ?,None,0,173
10433,LoL_Lover,TCL font des bêtes de télé en vrai,TCL,0,173
10437,AldiGamer,C'est quoi la musique d'attente ? sur Deezer ?,Deezer,0,173
10439,TCL_Screen,M8 domine complètement le match,None,1,173
10446,DeezerEnjoyer,Le stream bug non ?,None,0,174
10450,AldiGamer,TCL font des bêtes de télé en vrai,TCL,0,174
10454,AldiGamer,Le stream bug non ?,None,0,174
10456,PlayerOne,Mais non ?!? Quelle action !,None,0,174
10457,M8_Fan,ALDI c'est le meilleur sponsor !,ALDI,0,174
10459,PlayerOne,ALDI c'est le meilleur sponsor !,ALDI,0,174
10459,LoL_Lover,Le stream bug non ?,None,0,174
10461,TCL_Screen,M8 domine complètement le match,None,1,174
10466,DeezerEnjoyer,Le son sur Deezer est lourd,Deezer,0,174
10471,KCorp_Spy,#M8WIN #M8WIN #M8WIN,None,1,174
10474,DeezerEnjoyer,Allez les Bleus ! #M8WIN,None,1,174
10475,DeezerEnjoyer,C'est quoi la musique d'attente ? sur Deezer ?,Deezer,0,174
10479,KCorp_Spy,Gg les gars !,None,0,174
10479,M8_Fan,Le stream bug non ?,None,0,174
10482,PlayerOne,ALDI c'est le meilleur sponsor !,ALDI,0,174
10486,AldiGamer,M8 domine complètement le match,None,1,174
10486,LoL_Lover,#M8WIN #M8WIN #M8WIN,None,1,174
10488,KCorp_Spy,#M8WIN #M8WIN #M8WIN,None,1,174
10493,M8_Fan,L'image est trop belle sur mon écran TCL,TCL,0,174
10494,PlayerOne,Mais non ?!? Quelle action !,None,0,174
10496,TCL_Screen,Le stream bug non ?,None,0,174
10499,DeezerEnjoyer,#M8WIN #M8WIN #M8WIN,None,1,174
10501,EsportFan99,Le son sur Deezer est lourd,Deezer,0,175
10503,LoL_Lover,ALDI c'est le meilleur sponsor !,ALDI,0,175
10504,PlayerOne,Gg les gars !,None,0,175
10504,M8_Fan,J'adore le maillot avec le logo ALDI,ALDI,0,175
10505,AldiGamer,#M8WIN #M8WIN #M8WIN,None,1,175
10507,M8_Fan,Allez les Bleus ! #M8WIN,None,1,175
10507,SyntaxError,ALDI c'est le meilleur sponsor !,ALDI,0,175
10508,M8_Fan,ALDI c'est le meilleur sponsor !,ALDI,0,175
10509,EsportFan99,TCL font des bêtes de télé en vrai,TCL,0,175
10509,SyntaxError,Incroyable cette action de Gentle Mates !,None,1,175
10515,M8_Fan,Gg les gars !,None,0,175
10517,DeezerEnjoyer,Allez les Bleus ! #M8WIN,None,1,175
10518,M8_Fan,Gg les gars !,None,0,175
10518,DeezerEnjoyer,Incroyable cette action de Gentle Mates !,None,1,175
10519,EsportFan99,C'est quoi la musique d'attente ? sur Deezer ?,Deezer,0,175
10521,M8_Fan,Le son sur Deezer est lourd,Deezer,0,175
10521,EsportFan99,M8 domine complètement le match,None,1,175
10525,SyntaxError,M8 à la vie à la mort,None,1,175
10526,TCL_Screen,Mais non ?!? Quelle action !,None,0,175
10530,PlayerOne,L'image est trop belle sur mon écran TCL,TCL,0,175
10532,EsportFan99,ALDI c'est le meilleur sponsor !,ALDI,0,175
10537,SyntaxError,L'image est trop belle sur mon écran TCL,TCL,0,175
10540,LoL_Lover,Incroyable cette action de Gentle Mates !,None,1,175
10543,TCL_Screen,Le son sur Deezer est lourd,Deezer,0,175
10544,DeezerEnjoyer,#M8WIN #M8WIN #M8WIN,None,1,175
10549,EsportFan99,Le son sur Deezer est lourd,Deezer,0,175
10551,LoL_Lover,M8 domine complètement le match,None,1,175
10552,M8_Fan,C'est quoi la musique d'attente ? sur Deezer ?,Deezer,0,175
10554,EsportFan99,C'est quoi la musique d'attente ? sur Deezer ?,Deezer,0,175
10555,SyntaxError,Allez les Bleus ! #M8WIN,None,1,175
10556,KCorp_Spy,Allez les Bleus ! #M8WIN,None,1,175
10556,M8_Fan,Gg les gars !,None,0,175
10558,M8_Fan,Incroyable cette action de Gentle Mates !,None,1,175
10559,KCorp_Spy,L'image est trop belle sur mon écran TCL,TCL,0,175
10568,PlayerOne,L'image est trop belle sur mon écran TCL,TCL,0,176
10573,TCL_Screen,TCL font des bêtes de télé en vrai,TCL,0,176
10575,KCorp_Spy,Incroyable cette action de Gentle Mates !,None,1,176
10577,KCorp_Spy,#M8WIN #M8WIN #M8WIN,None,1,176
10580,PlayerOne,M8 à la vie à la mort,None,1,176
10581,TCL_Screen,ALDI c'est le meilleur sponsor !,ALDI,0,176
10584,EsportFan99,ALDI c'est le meilleur sponsor !,ALDI,0,176
10589,PlayerOne,M8 à la vie à la mort,None,1,176
10589,EsportFan99,J'adore le maillot avec le logo ALDI,ALDI,0,176
10589,M8_Fan,M8 à la vie à la mort,None,1,176
10589,M8_Fan,Incroyable cette action de Gentle Mates !,None,1,176
10591,KCorp_Spy,M8 à la vie à la mort,None,1,176
10594,LoL_Lover,Allez les Bleus ! #M8WIN,None,1,176
10594,SyntaxError,Incroyable cette action de Gentle Mates !,None,1,176
10601,TCL_Screen,L'image est trop belle sur mon écran TCL,TCL,0,176
10602,KCorp_Spy,Gg les gars !,None,0,176
10604,M8_Fan,Le stream bug non ?,None,0,176
10604,DeezerEnjoyer,L'image est trop belle sur mon écran TCL,TCL,0,176
10605,SyntaxError,Le son sur Deezer est lourd,Deezer,0,176
10607,LoL_Lover,L'image est trop belle sur mon écran TCL,TCL,0,176
10607,SyntaxError,Gg les gars !,None,0,176
10611,KCorp_Spy,Le stream bug non ?,None,0,176
10611,M8_Fan,Allez les Bleus ! #M8WIN,None,1,176
10617,PlayerOne,ALDI c'est le meilleur sponsor !,ALDI,0,176
10617,SyntaxError,TCL font des bêtes de télé en vrai,TCL,0,176
10618,EsportFan99,#M8WIN #M8WIN #M8WIN,None,1,176
10622,PlayerOne,C'est quoi la musique d'attente ? sur Deezer ?,Deezer,0,177
10625,EsportFan99,Le son sur Deezer est lourd,Deezer,0,177
10631,EsportFan99,TCL font des bêtes de télé en vrai,TCL,0,177
10632,SyntaxError,TCL font des bêtes de télé en vrai,TCL,0,177
10633,M8_Fan,Allez les Bleus ! #M8WIN,None,1,177
10633,LoL_Lover,J'adore le maillot avec le logo ALDI,ALDI,0,177
10637,PlayerOne,ALDI c'est le meilleur sponsor !,ALDI,0,177
10638,TCL_Screen,Allez les Bleus ! #M8WIN,None,1,177
10638,DeezerEnjoyer,Le stream bug non ?,None,0,177
10640,DeezerEnjoyer,Incroyable cette action de Gentle Mates !,None,1,177
10640,M8_Fan,Incroyable cette action de Gentle Mates !,None,1,177
10642,PlayerOne,L'image est trop belle sur mon écran TCL,TCL,0,177
10645,KCorp_Spy,Gg les gars !,None,0,177
10654,TCL_Screen,C'est quoi la musique d'attente ? sur Deezer ?,Deezer,0,177
10654,EsportFan99,Incroyable cette action de Gentle Mates !,None,1,177
10664,KCorp_Spy,Incroyable cette action de Gentle Mates !,None,1,177
10666,PlayerOne,Le stream bug non ?,None,0,177
10669,AldiGamer,C'est quoi la musique d'attente ? sur Deezer ?,Deezer,0,177
10670,LoL_Lover,Allez les Bleus ! #M8WIN,None,1,177
10671,M8_Fan,TCL font des bêtes de télé en vrai,TCL,0,177
10678,TCL_Screen,C'est quoi la musique d'attente ? sur Deezer ?,Deezer,0,177
10678,AldiGamer,Incroyable cette action de Gentle Mates !,None,1,177
10679,SyntaxError,Gg les gars !,None,0,177
10686,SyntaxError,TCL font des bêtes de télé en vrai,TCL,0,178
10686,KCorp_Spy,M8 domine complètement le match,None,1,178
10689,KCorp_Spy,C'est quoi la musique d'attente ? sur Deezer ?,Deezer,0,178
10691,AldiGamer,Le son sur Deezer est lourd,Deezer,0,178
10694,LoL_Lover,M8 à la vie à la mort,None,1,178
10696,DeezerEnjoyer,Le son sur Deezer est lourd,Deezer,0,178
10701,DeezerEnjoyer,Gg les gars !,None,0,178
10708,EsportFan99,TCL font des bêtes de télé en vrai,TCL,0,178
10708,M8_Fan,ALDI c'est le meilleur sponsor !,ALDI,0,178
10710,M8_Fan,TCL font des bêtes de télé en vrai,TCL,0,178
10711,KCorp_Spy,C'est quoi la musique d'attente ? sur Deezer ?,Deezer,0,178
10714,AldiGamer,Le son sur Deezer est lourd,Deezer,0,178
10716,M8_Fan,Le son sur Deezer est lourd,Deezer,0,178
10717,AldiGamer,L'image est trop belle sur mon écran TCL,TCL,0,178
10717,KCorp_Spy,Le son sur Deezer est lourd,Deezer,0,178
10718,M8_Fan,L'image est trop belle sur mon écran TCL,TCL,0,178
10721,KCorp_Spy,Le stream bug non ?,None,0,178
10723,DeezerEnjoyer,#M8WIN #M8WIN #M8WIN,None,1,178
10731,AldiGamer,M8 à la vie à la mort,None,1,178
10732,TCL_Screen,#M8WIN #M8WIN #M8WIN,None,1,178
10735,DeezerEnjoyer,M8 à la vie à la mort,None,1,178
10741,SyntaxError,Le stream bug non ?,None,0,179
10741,TCL_Screen,Mais non ?!? Quelle action !,None,0,179
10744,PlayerOne,C'est quoi la musique d'attente ? sur Deezer ?,Deezer,0,179
10745,AldiGamer,L'image est trop belle sur mon écran TCL,TCL,0,179
10748,LoL_Lover,TCL font des bêtes de télé en vrai,TCL,0,179
10750,DeezerEnjoyer,Le stream bug non ?,None,0,179
10759,SyntaxError,ALDI c'est le meilleur sponsor !,ALDI,0,179
10760,DeezerEnjoyer,L'image est trop belle sur mon écran TCL,TCL,0,179
10760,LoL_Lover,Mais non ?!? Quelle action !,None,0,179
10764,PlayerOne,#M8WIN #M8WIN #M8WIN,None,1,179
10768,TCL_Screen,Le stream bug non ?,None,0,179
10768,LoL_Lover,TCL font des bêtes de télé en vrai,TCL,0,179
10772,M8_Fan,#M8WIN #M8WIN #M8WIN,None,1,179
10774,M8_Fan,J'adore le maillot avec le logo ALDI,ALDI,0,179
10778,LoL_Lover,Gg les gars !,None,0,179
10783,EsportFan99,Gg les gars !,None,0,179
10784,PlayerOne,Le son sur Deezer est lourd,Deezer,0,179
10789,TCL_Screen,Allez les Bleus ! #M8WIN,None,1,179
10792,DeezerEnjoyer,Le stream bug non ?,None,0,179
10799,M8_Fan,Le stream bug non ?,None,0,179
